Customer_ID,Customer_Name,Age,Gender,City,Customer_Segment,Signup_Date
CUST00001,Customer 00001,21,Female,Mumbai,Regular,2024-09-10
CUST00002,Customer 00002,24,Female,Jaipur,Regular,2024-05-17
CUST00003,Customer 00003,52,Male,Pune,Regular,2023-07-16
CUST00004,Customer 00004,26,Male,Hyderabad,Regular,2022-07-31
CUST00005,Customer 00005,25,Male,Delhi,Regular,2025-10-14
CUST00006,Customer 00006,34,Male,Delhi,Regular,2023-09-30
CUST00007,Customer 00007,34,Male,Delhi,Regular,2023-05-05
CUST00008,Customer 00008,50,Male,Kolkata,Premium,2025-12-13
CUST00009,Customer 00009,49,Male,Hyderabad,New,2025-10-12
CUST00010,Customer 00010,25,Female,Pune,New,2023-05-14
CUST00011,Customer 00011,36,Male,Delhi,Premium,2025-05-22
CUST00012,Customer 00012,55,Male,Jaipur,Regular,2024-10-19
CUST00013,Customer 00013,20,Female,Chennai,Regular,2023-11-12
CUST00014,Customer 00014,22,Male,Delhi,Regular,2023-12-14
CUST00015,Customer 00015,30,Male,Delhi,New,2024-06-08
CUST00016,Customer 00016,48,Male,Delhi,Regular,2023-02-26
CUST00017,Customer 00017,33,Female,Mumbai,Regular,2025-08-20
CUST00018,Customer 00018,49,Female,Bengaluru,Regular,2024-04-14
CUST00019,Customer 00019,39,Male,Bengaluru,Regular,2024-02-03
CUST00020,Customer 00020,46,Female,Mumbai,Regular,2023-12-01
CUST00021,Customer 00021,39,Female,Hyderabad,Regular,2024-01-01
CUST00022,Customer 00022,60,Female,Delhi,New,2023-11-09
CUST00023,Customer 00023,20,Female,Mumbai,Regular,2024-01-30
CUST00024,Customer 00024,27,Female,Mumbai,Regular,2022-04-07
CUST00025,Customer 00025,59,Male,Bengaluru,Regular,2024-01-28
CUST00026,Customer 00026,38,Male,Chennai,Regular,2022-12-02
CUST00027,Customer 00027,33,Male,Delhi,New,2024-07-11
CUST00028,Customer 00028,29,Female,Bengaluru,Regular,2025-04-23
CUST00029,Customer 00029,19,Female,Hyderabad,Regular,2025-09-09
CUST00030,Customer 00030,58,Female,Delhi,New,2023-05-04
CUST00031,Customer 00031,41,Other,Hyderabad,Regular,2023-12-17
CUST00032,Customer 00032,52,Male,Delhi,Regular,2025-10-16
CUST00033,Customer 00033,47,Female,Delhi,Regular,2024-10-28
CUST00034,Customer 00034,47,Female,Jaipur,Regular,2022-06-10
CUST00035,Customer 00035,52,Other,Jaipur,Regular,2025-10-27
CUST00036,Customer 00036,36,Other,Chennai,Premium,2023-05-14
CUST00037,Customer 00037,25,Female,Mumbai,Regular,2023-07-25
CUST00038,Customer 00038,43,Male,Delhi,Premium,2024-02-21
CUST00039,Customer 00039,57,Female,Pune,Premium,2024-05-22
CUST00040,Customer 00040,24,Male,Bengaluru,New,2024-12-19
CUST00041,Customer 00041,47,Female,Delhi,Regular,2022-12-21
CUST00042,Customer 00042,24,Female,Bengaluru,Regular,2025-11-24
CUST00043,Customer 00043,20,Male,Delhi,Premium,2025-03-13
CUST00044,Customer 00044,18,Female,Kolkata,Regular,2022-08-20
CUST00045,Customer 00045,53,Male,Mumbai,Premium,2023-12-10
CUST00046,Customer 00046,42,Male,Pune,Regular,2024-03-13
CUST00047,Customer 00047,54,Male,Mumbai,Regular,2022-07-28
CUST00048,Customer 00048,18,Female,Bengaluru,New,2023-11-09
CUST00049,Customer 00049,32,Female,Hyderabad,New,2023-12-07
CUST00050,Customer 00050,54,Female,Delhi,Regular,2025-04-16
CUST00051,Customer 00051,30,Male,Jaipur,New,2024-04-16
CUST00052,Customer 00052,57,Female,Chennai,Regular,2024-07-15
CUST00053,Customer 00053,25,Female,Jaipur,New,2022-08-14
CUST00054,Customer 00054,22,Male,Kolkata,Regular,2024-03-04
CUST00055,Customer 00055,26,Male,Hyderabad,Regular,2024-11-04
CUST00056,Customer 00056,18,Male,Jaipur,Regular,2023-01-05
CUST00057,Customer 00057,53,Female,Delhi,Regular,2023-04-02
CUST00058,Customer 00058,52,Female,Delhi,Regular,2025-10-22
CUST00059,Customer 00059,19,Female,Delhi,New,2025-04-08
CUST00060,Customer 00060,57,Male,Mumbai,New,2024-04-30
CUST00061,Customer 00061,40,Female,Bengaluru,Regular,2025-02-10
CUST00062,Customer 00062,26,Male,Mumbai,Regular,2025-01-09
CUST00063,Customer 00063,51,Male,Chennai,Regular,2024-11-01
CUST00064,Customer 00064,31,Female,Mumbai,Regular,2024-09-10
CUST00065,Customer 00065,21,Male,Mumbai,Regular,2022-08-21
CUST00066,Customer 00066,47,Female,Hyderabad,Regular,2023-05-21
CUST00067,Customer 00067,48,Male,Delhi,New,2024-08-13
CUST00068,Customer 00068,55,Female,Chennai,Regular,2022-10-06
CUST00069,Customer 00069,28,Male,Delhi,Premium,2024-07-14
CUST00070,Customer 00070,52,Female,Jaipur,Premium,2023-05-08
CUST00071,Customer 00071,25,Male,Chennai,Regular,2025-06-29
CUST00072,Customer 00072,20,Male,Delhi,Regular,2022-05-23
CUST00073,Customer 00073,31,Female,Delhi,Premium,2024-11-10
CUST00074,Customer 00074,30,Male,Chennai,Regular,2024-06-21
CUST00075,Customer 00075,49,Female,Pune,New,2024-12-12
CUST00076,Customer 00076,51,Other,Pune,New,2024-06-22
CUST00077,Customer 00077,36,Male,Chennai,Regular,2023-10-21
CUST00078,Customer 00078,55,Male,Delhi,Premium,2022-06-09
CUST00079,Customer 00079,33,Female,Mumbai,Regular,2024-09-07
CUST00080,Customer 00080,19,Female,Delhi,New,2025-02-06
CUST00081,Customer 00081,57,Female,Kolkata,New,2025-03-28
CUST00082,Customer 00082,34,Female,Hyderabad,Regular,2024-03-19
CUST00083,Customer 00083,51,Female,Mumbai,Premium,2024-10-05
CUST00084,Customer 00084,59,Male,Delhi,Regular,2024-11-24
CUST00085,Customer 00085,33,Other,Mumbai,Regular,2025-06-06
CUST00086,Customer 00086,55,Female,Mumbai,New,2024-02-19
CUST00087,Customer 00087,19,Male,Pune,Premium,2024-07-14
CUST00088,Customer 00088,19,Male,Hyderabad,Regular,2022-11-12
CUST00089,Customer 00089,43,Male,Kolkata,Regular,2024-08-26
CUST00090,Customer 00090,30,Male,Bengaluru,Regular,2024-03-15
CUST00091,Customer 00091,48,Female,Delhi,Regular,2022-01-20
CUST00092,Customer 00092,51,Male,Pune,New,2023-05-24
CUST00093,Customer 00093,56,Male,Chennai,Regular,2022-05-17
CUST00094,Customer 00094,20,Male,Hyderabad,New,2022-11-04
CUST00095,Customer 00095,25,Other,Chennai,Regular,2025-01-21
CUST00096,Customer 00096,40,Female,Bengaluru,Regular,2022-02-28
CUST00097,Customer 00097,31,Male,Bengaluru,Regular,2022-01-01
CUST00098,Customer 00098,44,Male,Bengaluru,Regular,2025-03-27
CUST00099,Customer 00099,46,Other,Delhi,Regular,2023-09-10
CUST00100,Customer 00100,56,Female,Delhi,New,2024-12-25
CUST00101,Customer 00101,56,Male,Delhi,Regular,2025-04-13
CUST00102,Customer 00102,18,Male,Hyderabad,Regular,2024-06-19
CUST00103,Customer 00103,34,Male,Mumbai,Regular,2023-07-26
CUST00104,Customer 00104,58,Male,Bengaluru,Premium,2022-10-21
CUST00105,Customer 00105,47,Female,Kolkata,Regular,2024-11-15
CUST00106,Customer 00106,30,Female,Mumbai,Premium,2025-04-24
CUST00107,Customer 00107,38,Female,Bengaluru,Regular,2022-10-12
CUST00108,Customer 00108,36,Female,Chennai,New,2022-06-20
CUST00109,Customer 00109,36,Male,Mumbai,Regular,2024-11-06
CUST00110,Customer 00110,42,Female,Delhi,Regular,2023-04-16
CUST00111,Customer 00111,39,Female,Mumbai,Regular,2024-07-09
CUST00112,Customer 00112,48,Male,Delhi,New,2025-05-09
CUST00113,Customer 00113,34,Male,Jaipur,Premium,2024-04-08
CUST00114,Customer 00114,40,Female,Chennai,New,2024-06-09
CUST00115,Customer 00115,49,Male,Hyderabad,Premium,2022-12-28
CUST00116,Customer 00116,27,Male,Kolkata,Premium,2024-12-14
CUST00117,Customer 00117,27,Female,Chennai,Regular,2025-12-23
CUST00118,Customer 00118,85,Other,Delhi,Regular,2023-08-26
CUST00119,Customer 00119,25,Male,Kolkata,Regular,2025-01-30
CUST00120,Customer 00120,37,Female,Hyderabad,Regular,2023-11-16
CUST00121,Customer 00121,49,Male,Chennai,Regular,2023-09-29
CUST00122,Customer 00122,31,Female,Kolkata,Regular,2024-02-28
CUST00123,Customer 00123,45,Female,Mumbai,Regular,2025-11-11
CUST00124,Customer 00124,41,Female,Delhi,Premium,2024-09-26
CUST00125,Customer 00125,32,Male,Mumbai,Regular,2024-12-23
CUST00126,Customer 00126,39,Female,Bengaluru,Regular,2025-02-13
CUST00127,Customer 00127,47,Female,Chennai,Regular,2022-09-30
CUST00128,Customer 00128,21,Male,Kolkata,Premium,2025-02-01
CUST00129,Customer 00129,30,Male,Delhi,Regular,2025-05-26
CUST00130,Customer 00130,40,Male,Bengaluru,New,2025-11-11
CUST00131,Customer 00131,25,Male,Bengaluru,Regular,2024-09-06
CUST00132,Customer 00132,35,Female,Mumbai,Premium,2022-08-15
CUST00133,Customer 00133,29,Male,Delhi,Regular,2024-01-23
CUST00134,Customer 00134,48,Male,Mumbai,Regular,2024-01-16
CUST00135,Customer 00135,31,Female,Jaipur,New,2025-09-17
CUST00136,Customer 00136,51,Male,Mumbai,Regular,2023-04-21
CUST00137,Customer 00137,35,Female,Bengaluru,Regular,2025-01-05
CUST00138,Customer 00138,51,Male,Pune,Premium,2024-05-11
CUST00139,Customer 00139,28,Female,Mumbai,New,2024-08-27
CUST00140,Customer 00140,58,Female,Jaipur,Premium,2025-10-10
CUST00141,Customer 00141,29,Female,Jaipur,Regular,2025-05-20
CUST00142,Customer 00142,32,Male,Mumbai,New,2024-09-01
CUST00143,Customer 00143,48,Female,Bengaluru,Regular,2022-10-28
CUST00144,Customer 00144,46,Male,Mumbai,Regular,2025-10-12
CUST00145,Customer 00145,43,Male,Mumbai,Regular,2025-10-20
CUST00146,Customer 00146,35,Male,Delhi,New,2023-05-23
CUST00147,Customer 00147,49,Female,Hyderabad,New,2023-01-23
CUST00148,Customer 00148,39,Male,Bengaluru,Regular,2024-08-12
CUST00149,Customer 00149,55,Female,Delhi,New,2024-07-29
CUST00150,Customer 00150,34,Male,Mumbai,Regular,2024-11-09
CUST00151,Customer 00151,40,Male,Kolkata,Regular,2025-06-13
CUST00152,Customer 00152,41,Female,Mumbai,Regular,2023-02-03
CUST00153,Customer 00153,25,Male,Delhi,Regular,2023-07-05
CUST00154,Customer 00154,58,Female,Bengaluru,Regular,2022-05-04
CUST00155,Customer 00155,23,Male,Jaipur,Regular,2023-07-22
CUST00156,Customer 00156,22,Female,Mumbai,Regular,2023-08-09
CUST00157,Customer 00157,46,Female,Pune,New,2023-04-07
CUST00158,Customer 00158,45,Male,Chennai,New,2022-08-17
CUST00159,Customer 00159,28,Male,Mumbai,Regular,2025-10-14
CUST00160,Customer 00160,18,Female,Pune,Regular,2022-02-09
CUST00161,Customer 00161,60,Female,Mumbai,Regular,2022-05-08
CUST00162,Customer 00162,36,Male,Hyderabad,Regular,2025-02-06
CUST00163,Customer 00163,26,Male,Hyderabad,Regular,2022-05-21
CUST00164,Customer 00164,44,Female,Hyderabad,New,2024-10-31
CUST00165,Customer 00165,51,Female,Delhi,Regular,2023-06-13
CUST00166,Customer 00166,21,Male,Chennai,Regular,2023-08-05
CUST00167,Customer 00167,53,Female,Mumbai,Regular,2024-12-08
CUST00168,Customer 00168,35,Male,Delhi,Regular,2023-10-07
CUST00169,Customer 00169,32,Female,Delhi,New,2023-08-26
CUST00170,Customer 00170,30,Male,Hyderabad,Regular,2024-01-19
CUST00171,Customer 00171,36,Other,Pune,Premium,2023-10-20
CUST00172,Customer 00172,23,Female,Delhi,Regular,2023-08-27
CUST00173,Customer 00173,29,Female,Bengaluru,Regular,2025-08-11
CUST00174,Customer 00174,54,Female,Mumbai,Premium,2023-11-30
CUST00175,Customer 00175,34,Female,Hyderabad,Regular,2022-02-27
CUST00176,Customer 00176,40,Female,Delhi,Regular,2022-01-02
CUST00177,Customer 00177,43,Male,Pune,New,2022-10-31
CUST00178,Customer 00178,46,Female,Bengaluru,Regular,2023-10-13
CUST00179,Customer 00179,50,Female,Jaipur,New,2025-05-30
CUST00180,Customer 00180,44,Female,Delhi,Premium,2022-09-16
CUST00181,Customer 00181,42,Male,Mumbai,Regular,2022-05-29
CUST00182,Customer 00182,27,Male,Delhi,Regular,2023-07-17
CUST00183,Customer 00183,40,Male,Jaipur,Regular,2025-01-09
CUST00184,Customer 00184,38,Female,Kolkata,Regular,2022-05-05
CUST00185,Customer 00185,38,Male,Mumbai,Regular,2023-01-23
CUST00186,Customer 00186,60,Female,Pune,Premium,2022-10-18
CUST00187,Customer 00187,30,Female,Chennai,Premium,2025-01-28
CUST00188,Customer 00188,54,Female,Hyderabad,Regular,2022-11-27
CUST00189,Customer 00189,50,Female,Bengaluru,Premium,2025-03-15
CUST00190,Customer 00190,41,Male,Mumbai,Regular,2024-01-16
CUST00191,Customer 00191,28,Male,Delhi,Regular,2025-06-06
CUST00192,Customer 00192,34,Male,Kolkata,Regular,2022-08-14
CUST00193,Customer 00193,21,Female,Kolkata,Regular,2023-07-05
CUST00194,Customer 00194,42,Male,Hyderabad,New,2022-08-01
CUST00195,Customer 00195,47,Female,Mumbai,Regular,2023-08-23
CUST00196,Customer 00196,26,Male,Mumbai,Regular,2022-03-11
CUST00197,Customer 00197,38,Male,Pune,Regular,2023-08-12
CUST00198,Customer 00198,37,Male,Kolkata,Regular,2023-07-09
CUST00199,Customer 00199,36,Female,Kolkata,Premium,2024-06-16
CUST00200,Customer 00200,36,Female,Chennai,Regular,2023-01-06
CUST00201,Customer 00201,29,Male,Hyderabad,Regular,2025-07-15
CUST00202,Customer 00202,54,Female,Delhi,New,2022-09-01
CUST00203,Customer 00203,59,Male,Delhi,New,2022-11-02
CUST00204,Customer 00204,34,Other,Kolkata,Regular,2024-01-16
CUST00205,Customer 00205,12,Female,Hyderabad,Regular,2023-02-15
CUST00206,Customer 00206,56,Male,Delhi,Regular,2024-03-20
CUST00207,Customer 00207,45,Female,Delhi,New,2023-10-17
CUST00208,Customer 00208,58,Male,Pune,Regular,2024-03-24
CUST00209,Customer 00209,52,Female,Delhi,Regular,2022-10-01
CUST00210,Customer 00210,35,Male,Delhi,Regular,2024-08-23
CUST00211,Customer 00211,31,Female,Hyderabad,New,2022-06-01
CUST00212,Customer 00212,52,Male,Pune,New,2023-02-11
CUST00213,Customer 00213,58,Female,Pune,Regular,2022-08-27
CUST00214,Customer 00214,24,Female,Mumbai,New,2023-07-18
CUST00215,Customer 00215,58,Female,Pune,Premium,2022-10-11
CUST00216,Customer 00216,30,Female,Mumbai,Regular,2023-10-01
CUST00217,Customer 00217,35,Female,Mumbai,New,2022-10-03
CUST00218,Customer 00218,54,Male,Pune,New,2022-11-20
CUST00219,Customer 00219,30,Male,Hyderabad,Regular,2023-11-13
CUST00220,Customer 00220,53,Male,Kolkata,New,2025-08-10
CUST00221,Customer 00221,48,Other,Pune,Premium,2022-12-11
CUST00222,Customer 00222,19,Male,Hyderabad,Premium,2022-11-22
CUST00223,Customer 00223,33,Female,Delhi,Regular,2022-11-18
CUST00224,Customer 00224,26,Female,Mumbai,Regular,2023-04-06
CUST00225,Customer 00225,26,Male,Mumbai,New,2025-09-28
CUST00226,Customer 00226,55,Male,Mumbai,Regular,2022-03-29
CUST00227,Customer 00227,28,Male,Jaipur,Regular,2022-08-06
CUST00228,Customer 00228,39,Male,Bengaluru,Regular,2025-03-30
CUST00229,Customer 00229,50,Male,Kolkata,Regular,2024-02-28
CUST00230,Customer 00230,53,Male,Hyderabad,Regular,2025-12-03
CUST00231,Customer 00231,40,Female,Chennai,Regular,2025-04-05
CUST00232,Customer 00232,51,Female,Bengaluru,New,2022-11-04
CUST00233,Customer 00233,26,Male,Hyderabad,Regular,2025-01-14
CUST00234,Customer 00234,41,Male,Bengaluru,Regular,2023-06-28
CUST00235,Customer 00235,25,Male,Delhi,Premium,2022-07-17
CUST00236,Customer 00236,24,Female,Pune,New,2022-06-28
CUST00237,Customer 00237,53,Female,Mumbai,Regular,2024-06-21
CUST00238,Customer 00238,35,Male,Delhi,Regular,2023-07-19
CUST00239,Customer 00239,20,Male,Hyderabad,New,2022-05-25
CUST00240,Customer 00240,45,Female,Delhi,Regular,2025-12-08
CUST00241,Customer 00241,23,Female,Jaipur,Regular,2022-02-03
CUST00242,Customer 00242,38,Male,Jaipur,Premium,2025-08-30
CUST00243,Customer 00243,45,Female,Kolkata,New,2024-08-16
CUST00244,Customer 00244,57,Male,Mumbai,Regular,2024-06-08
CUST00245,Customer 00245,18,Male,Delhi,Regular,2022-02-25
CUST00246,Customer 00246,53,Female,Jaipur,Premium,2022-01-19
CUST00247,Customer 00247,38,Female,Bengaluru,Regular,2024-11-28
CUST00248,Customer 00248,60,Male,Jaipur,Premium,2022-06-29
CUST00249,Customer 00249,52,Female,Jaipur,Premium,2024-12-08
CUST00250,Customer 00250,30,Male,Kolkata,Regular,2024-04-29
CUST00251,Customer 00251,27,Female,Mumbai,Regular,2023-03-14
CUST00252,Customer 00252,27,Female,Bengaluru,Premium,2025-06-23
CUST00253,Customer 00253,30,Female,Kolkata,Regular,2025-01-26
CUST00254,Customer 00254,54,Female,Mumbai,Regular,2025-07-05
CUST00255,Customer 00255,55,Male,Delhi,Regular,2024-06-09
CUST00256,Customer 00256,41,Female,Hyderabad,Regular,2025-10-21
CUST00257,Customer 00257,19,Female,Jaipur,New,2023-12-28
CUST00258,Customer 00258,39,Female,Pune,Regular,2025-06-26
CUST00259,Customer 00259,34,Male,Hyderabad,Regular,2024-02-18
CUST00260,Customer 00260,53,Female,Delhi,Regular,2022-06-27
CUST00261,Customer 00261,31,Female,Hyderabad,New,2022-06-08
CUST00262,Customer 00262,27,Male,Jaipur,Premium,2022-04-08
CUST00263,Customer 00263,52,Female,Delhi,Regular,2025-12-08
CUST00264,Customer 00264,42,Male,Bengaluru,New,2025-09-11
CUST00265,Customer 00265,20,Male,Kolkata,Regular,2025-03-10
CUST00266,Customer 00266,55,Female,Pune,Regular,2024-06-08
CUST00267,Customer 00267,34,Female,Pune,Premium,2023-12-22
CUST00268,Customer 00268,29,Female,Pune,New,2022-12-04
CUST00269,Customer 00269,41,Male,Mumbai,Regular,2022-10-13
CUST00270,Customer 00270,46,Female,Mumbai,Premium,2023-04-24
CUST00271,Customer 00271,60,Male,Chennai,Premium,2024-01-12
CUST00272,Customer 00272,42,Male,Chennai,Regular,2025-05-04
CUST00273,Customer 00273,53,Male,Kolkata,Regular,2023-02-21
CUST00274,Customer 00274,43,Female,Kolkata,New,2024-07-23
CUST00275,Customer 00275,55,Female,Bengaluru,Regular,2025-05-23
CUST00276,Customer 00276,18,Female,Bengaluru,Regular,2023-07-08
CUST00277,Customer 00277,85,Female,Chennai,New,2023-04-15
CUST00278,Customer 00278,45,Male,Hyderabad,Regular,2025-10-29
CUST00279,Customer 00279,33,Female,Pune,New,2023-04-29
CUST00280,Customer 00280,34,Male,Chennai,Regular,2025-06-04
CUST00281,Customer 00281,57,Female,Kolkata,Premium,2025-04-02
CUST00282,Customer 00282,45,Male,Mumbai,New,2022-01-15
CUST00283,Customer 00283,29,Female,Mumbai,Premium,2025-06-21
CUST00284,Customer 00284,44,Female,Delhi,Premium,2025-09-11
CUST00285,Customer 00285,59,Female,Hyderabad,Regular,2024-10-03
CUST00286,Customer 00286,47,Female,Delhi,New,2022-08-31
CUST00287,Customer 00287,58,Male,Bengaluru,Regular,2024-12-13
CUST00288,Customer 00288,51,Female,Hyderabad,Regular,2024-08-04
CUST00289,Customer 00289,54,Male,Mumbai,Regular,2024-08-06
CUST00290,Customer 00290,23,Female,Hyderabad,Regular,2024-11-13
CUST00291,Customer 00291,24,Female,Delhi,Premium,2025-06-11
CUST00292,Customer 00292,49,Male,Delhi,New,2022-08-03
CUST00293,Customer 00293,49,Female,Chennai,Regular,2024-02-14
CUST00294,Customer 00294,42,Female,Mumbai,New,2025-01-31
CUST00295,Customer 00295,50,Male,Delhi,Regular,2024-06-17
CUST00296,Customer 00296,24,Female,Bengaluru,Premium,2025-09-24
CUST00297,Customer 00297,29,Male,Chennai,Regular,2025-08-10
CUST00298,Customer 00298,33,Female,Delhi,New,2024-03-30
CUST00299,Customer 00299,33,Female,Hyderabad,Regular,2022-04-12
CUST00300,Customer 00300,60,Other,Delhi,Regular,2023-12-28
CUST00301,Customer 00301,53,Female,Delhi,Regular,2025-06-12
CUST00302,Customer 00302,30,Male,Hyderabad,Regular,2024-04-06
CUST00303,Customer 00303,24,Female,Hyderabad,Regular,2023-07-06
CUST00304,Customer 00304,53,Male,Hyderabad,Premium,2023-11-21
CUST00305,Customer 00305,26,Female,Pune,Premium,2023-09-11
CUST00306,Customer 00306,49,Female,Jaipur,Regular,2025-04-26
CUST00307,Customer 00307,28,Male,Bengaluru,Premium,2024-09-07
CUST00308,Customer 00308,25,Male,Mumbai,Regular,2023-09-20
CUST00309,Customer 00309,50,Female,Chennai,Regular,2025-10-01
CUST00310,Customer 00310,40,Female,Mumbai,New,2024-05-15
CUST00311,Customer 00311,42,Male,Bengaluru,Regular,2023-09-03
CUST00312,Customer 00312,25,Male,Delhi,Regular,2025-08-10
CUST00313,Customer 00313,39,Male,Delhi,New,2024-03-06
CUST00314,Customer 00314,21,Female,Jaipur,Regular,2024-09-28
CUST00315,Customer 00315,57,Male,Chennai,Regular,2024-10-05
CUST00316,Customer 00316,20,Female,Pune,Regular,2025-12-01
CUST00317,Customer 00317,46,Male,Bengaluru,Regular,2025-07-24
CUST00318,Customer 00318,58,Female,Delhi,Premium,2023-07-10
CUST00319,Customer 00319,46,Male,Delhi,New,2024-08-28
CUST00320,Customer 00320,51,Female,Mumbai,Regular,2024-11-10
CUST00321,Customer 00321,51,Male,Hyderabad,Regular,2022-11-11
CUST00322,Customer 00322,45,Female,Pune,Regular,2022-04-14
CUST00323,Customer 00323,30,Male,Pune,Regular,2025-08-08
CUST00324,Customer 00324,32,Female,Mumbai,New,2022-12-03
CUST00325,Customer 00325,40,Female,Jaipur,Premium,2023-06-27
CUST00326,Customer 00326,43,Male,Pune,Regular,2025-02-08
CUST00327,Customer 00327,21,Female,Hyderabad,Premium,2022-06-27
CUST00328,Customer 00328,43,Female,Hyderabad,Regular,2025-06-21
CUST00329,Customer 00329,57,Male,Bengaluru,Regular,2024-07-30
CUST00330,Customer 00330,26,Male,Mumbai,Regular,2025-11-02
CUST00331,Customer 00331,22,Male,Mumbai,Regular,2024-05-03
CUST00332,Customer 00332,49,Female,Chennai,Regular,2022-03-11
CUST00333,Customer 00333,37,Female,Delhi,Regular,2024-11-04
CUST00334,Customer 00334,28,Male,Delhi,Regular,2022-10-24
CUST00335,Customer 00335,32,Female,Delhi,Regular,2023-01-30
CUST00336,Customer 00336,49,Female,Delhi,Regular,2022-08-25
CUST00337,Customer 00337,45,Female,Kolkata,New,2023-11-02
CUST00338,Customer 00338,39,Female,Pune,Premium,2024-06-12
CUST00339,Customer 00339,58,Female,Bengaluru,New,2022-12-27
CUST00340,Customer 00340,34,Female,Delhi,Regular,2023-09-05
CUST00341,Customer 00341,43,Male,Bengaluru,Regular,2025-07-09
CUST00342,Customer 00342,24,Female,Bengaluru,Regular,2025-01-17
CUST00343,Customer 00343,59,Female,Delhi,Regular,2023-09-20
CUST00344,Customer 00344,43,Male,Bengaluru,New,2022-11-04
CUST00345,Customer 00345,42,Female,Bengaluru,Regular,2022-02-16
CUST00346,Customer 00346,27,Female,Hyderabad,Regular,2022-04-05
CUST00347,Customer 00347,36,Female,Hyderabad,Premium,2025-11-04
CUST00348,Customer 00348,28,Male,Delhi,New,2023-10-15
CUST00349,Customer 00349,30,Male,Mumbai,Premium,2025-05-08
CUST00350,Customer 00350,25,Female,Hyderabad,Regular,2024-02-03
CUST00351,Customer 00351,57,Female,Bengaluru,Premium,2024-12-27
CUST00352,Customer 00352,21,Male,Kolkata,Regular,2022-01-03
CUST00353,Customer 00353,48,Female,Pune,Regular,2023-05-13
CUST00354,Customer 00354,45,Female,Delhi,Premium,2024-07-15
CUST00355,Customer 00355,28,Male,Delhi,Premium,2023-09-30
CUST00356,Customer 00356,60,Male,Hyderabad,Regular,2024-10-06
CUST00357,Customer 00357,85,Male,Delhi,Regular,2022-09-30
CUST00358,Customer 00358,55,Female,Hyderabad,Regular,2023-02-04
CUST00359,Customer 00359,41,Male,Jaipur,Regular,2023-03-26
CUST00360,Customer 00360,48,Male,Hyderabad,Regular,2023-05-13
CUST00361,Customer 00361,58,Male,Bengaluru,Regular,2023-08-31
CUST00362,Customer 00362,43,Male,Hyderabad,Premium,2022-01-05
CUST00363,Customer 00363,22,Male,Bengaluru,New,2025-04-19
CUST00364,Customer 00364,37,Male,Hyderabad,Regular,2022-08-09
CUST00365,Customer 00365,58,Female,Jaipur,New,2025-06-19
CUST00366,Customer 00366,28,Female,Bengaluru,Regular,2025-01-08
CUST00367,Customer 00367,50,Male,Jaipur,New,2025-08-16
CUST00368,Customer 00368,55,Male,Kolkata,Regular,2023-01-24
CUST00369,Customer 00369,44,Female,Delhi,Regular,2025-01-23
CUST00370,Customer 00370,51,Male,Delhi,Premium,2024-10-21
CUST00371,Customer 00371,32,Male,Delhi,Regular,2024-11-21
CUST00372,Customer 00372,49,Male,Delhi,Regular,2025-11-07
CUST00373,Customer 00373,38,Male,Delhi,Regular,2023-06-28
CUST00374,Customer 00374,22,Female,Pune,Premium,2025-01-05
CUST00375,Customer 00375,23,Male,Delhi,Regular,2022-02-01
CUST00376,Customer 00376,55,Female,Mumbai,Regular,2023-07-16
CUST00377,Customer 00377,39,Male,Kolkata,Regular,2024-02-28
CUST00378,Customer 00378,35,Male,Delhi,Premium,2025-08-03
CUST00379,Customer 00379,31,Female,Chennai,New,2022-07-26
CUST00380,Customer 00380,27,Male,Mumbai,Regular,2025-08-29
CUST00381,Customer 00381,30,Female,Delhi,Premium,2025-10-30
CUST00382,Customer 00382,48,Male,Pune,Regular,2024-03-09
CUST00383,Customer 00383,47,Female,Hyderabad,Regular,2024-07-11
CUST00384,Customer 00384,20,Male,Kolkata,Regular,2025-02-28
CUST00385,Customer 00385,47,Female,Pune,Regular,2022-10-12
CUST00386,Customer 00386,23,Male,Chennai,Regular,2025-07-26
CUST00387,Customer 00387,46,Female,Mumbai,Regular,2024-02-08
CUST00388,Customer 00388,25,Male,Delhi,Regular,2025-10-09
CUST00389,Customer 00389,60,Female,Chennai,Regular,2023-06-09
CUST00390,Customer 00390,50,Male,Chennai,Premium,2024-12-26
CUST00391,Customer 00391,34,Female,Jaipur,New,2023-09-17
CUST00392,Customer 00392,28,Male,Bengaluru,Regular,2022-12-15
CUST00393,Customer 00393,30,Male,Mumbai,Regular,2024-08-18
CUST00394,Customer 00394,28,Female,Chennai,Regular,2023-01-01
CUST00395,Customer 00395,48,Male,Mumbai,Regular,2022-08-10
CUST00396,Customer 00396,45,Male,Jaipur,Regular,2025-02-27
CUST00397,Customer 00397,23,Female,Kolkata,Premium,2025-01-09
CUST00398,Customer 00398,58,Other,Bengaluru,Regular,2024-11-20
CUST00399,Customer 00399,33,Male,Chennai,Premium,2024-08-06
CUST00400,Customer 00400,21,Female,Chennai,Premium,2024-10-02
CUST00401,Customer 00401,52,Female,Delhi,New,2022-02-08
CUST00402,Customer 00402,43,Male,Kolkata,Regular,2025-08-08
CUST00403,Customer 00403,29,Female,Bengaluru,Premium,2023-07-05
CUST00404,Customer 00404,28,Female,Chennai,Premium,2023-11-01
CUST00405,Customer 00405,54,Other,Mumbai,New,2025-03-03
CUST00406,Customer 00406,42,Male,Kolkata,New,2022-12-05
CUST00407,Customer 00407,35,Female,Bengaluru,New,2024-08-10
CUST00408,Customer 00408,36,Male,Delhi,Premium,2025-03-09
CUST00409,Customer 00409,40,Male,Kolkata,New,2023-07-08
CUST00410,Customer 00410,55,Male,Delhi,Regular,2024-01-29
CUST00411,Customer 00411,35,Other,Mumbai,Premium,2022-04-17
CUST00412,Customer 00412,43,Female,Jaipur,New,2022-05-30
CUST00413,Customer 00413,23,Female,Jaipur,Regular,2023-09-24
CUST00414,Customer 00414,21,Female,Hyderabad,Regular,2025-08-09
CUST00415,Customer 00415,46,Male,Hyderabad,Premium,2023-11-18
CUST00416,Customer 00416,51,Male,Bengaluru,Regular,2022-03-05
CUST00417,Customer 00417,34,Male,Mumbai,Regular,2023-07-13
CUST00418,Customer 00418,60,Male,Mumbai,Regular,2024-12-29
CUST00419,Customer 00419,60,Female,Pune,Regular,2024-01-26
CUST00420,Customer 00420,33,Female,Chennai,New,2022-04-29
CUST00421,Customer 00421,19,Male,Chennai,Regular,2024-06-21
CUST00422,Customer 00422,51,Male,Chennai,Regular,2025-08-13
CUST00423,Customer 00423,25,Male,Delhi,Regular,2022-03-14
CUST00424,Customer 00424,30,Male,Bengaluru,Regular,2024-07-23
CUST00425,Customer 00425,59,Female,Delhi,Regular,2024-04-03
CUST00426,Customer 00426,25,Female,Hyderabad,Regular,2022-03-25
CUST00427,Customer 00427,47,Female,Bengaluru,Regular,2025-06-25
CUST00428,Customer 00428,49,Male,Kolkata,Premium,2025-08-22
CUST00429,Customer 00429,53,Male,Mumbai,Regular,2022-12-01
CUST00430,Customer 00430,47,Male,Delhi,Regular,2025-11-05
CUST00431,Customer 00431,18,Female,Delhi,Regular,2024-05-16
CUST00432,Customer 00432,60,Female,Chennai,Regular,2024-05-15
CUST00433,Customer 00433,56,Male,Hyderabad,Regular,2024-01-29
CUST00434,Customer 00434,34,Female,Delhi,Regular,2024-09-16
CUST00435,Customer 00435,37,Female,Delhi,New,2022-08-09
CUST00436,Customer 00436,41,Female,Pune,Regular,2022-11-06
CUST00437,Customer 00437,39,Female,Delhi,Regular,2025-10-02
CUST00438,Customer 00438,46,Female,Chennai,New,2024-04-19
CUST00439,Customer 00439,39,Female,Pune,Regular,2022-01-25
CUST00440,Customer 00440,26,Male,Delhi,Regular,2023-12-31
CUST00441,Customer 00441,54,Male,Delhi,Regular,2024-11-20
CUST00442,Customer 00442,27,Male,Jaipur,Regular,2024-09-18
CUST00443,Customer 00443,53,Male,Mumbai,Regular,2024-01-14
CUST00444,Customer 00444,54,Female,Mumbai,Regular,2025-10-02
CUST00445,Customer 00445,45,Female,Chennai,Regular,2023-11-02
CUST00446,Customer 00446,45,Male,Jaipur,New,2022-07-10
CUST00447,Customer 00447,59,Female,Jaipur,Premium,2023-12-30
CUST00448,Customer 00448,60,Male,Chennai,Regular,2025-03-24
CUST00449,Customer 00449,38,Male,Mumbai,Regular,2024-12-14
CUST00450,Customer 00450,41,Male,Delhi,New,2022-10-04
CUST00451,Customer 00451,59,Male,Chennai,Regular,2022-05-21
CUST00452,Customer 00452,57,Male,Hyderabad,Regular,2022-07-06
CUST00453,Customer 00453,19,Female,Bengaluru,Regular,2023-01-10
CUST00454,Customer 00454,25,Male,Kolkata,Regular,2023-04-22
CUST00455,Customer 00455,44,Other,Delhi,New,2025-07-30
CUST00456,Customer 00456,39,Male,Bengaluru,Regular,2024-02-18
CUST00457,Customer 00457,54,Male,Delhi,Regular,2024-08-08
CUST00458,Customer 00458,44,Male,Bengaluru,Premium,2025-01-24
CUST00459,Customer 00459,46,Female,Delhi,New,2022-01-29
CUST00460,Customer 00460,20,Male,Delhi,Regular,2023-10-14
CUST00461,Customer 00461,30,Female,Delhi,Regular,2024-10-27
CUST00462,Customer 00462,27,Female,Hyderabad,New,2023-09-15
CUST00463,Customer 00463,53,Female,Pune,Regular,2023-06-10
CUST00464,Customer 00464,26,Female,Hyderabad,New,2025-05-18
CUST00465,Customer 00465,44,Male,Jaipur,Regular,2025-07-26
CUST00466,Customer 00466,51,Male,Mumbai,Regular,2025-05-17
CUST00467,Customer 00467,18,Male,Mumbai,New,2022-02-28
CUST00468,Customer 00468,49,Female,Kolkata,New,2024-11-17
CUST00469,Customer 00469,42,Male,Mumbai,Regular,2024-11-03
CUST00470,Customer 00470,46,Male,Jaipur,New,2024-05-28
CUST00471,Customer 00471,24,Other,Delhi,Regular,2022-09-13
CUST00472,Customer 00472,20,Male,Jaipur,Regular,2023-09-04
CUST00473,Customer 00473,37,Female,Delhi,Regular,2023-01-29
CUST00474,Customer 00474,37,Female,Kolkata,Regular,2024-01-11
CUST00475,Customer 00475,47,Male,Bengaluru,New,2024-12-17
CUST00476,Customer 00476,52,Male,Jaipur,Regular,2024-03-22
CUST00477,Customer 00477,52,Male,Delhi,New,2025-08-05
CUST00478,Customer 00478,56,Female,Hyderabad,Regular,2022-10-29
CUST00479,Customer 00479,44,Female,Jaipur,Regular,2024-04-18
CUST00480,Customer 00480,43,Female,Bengaluru,Regular,2022-04-01
CUST00481,Customer 00481,31,Female,Hyderabad,New,2022-10-29
CUST00482,Customer 00482,34,Female,Pune,Regular,2025-09-29
CUST00483,Customer 00483,35,Male,Bengaluru,Regular,2023-02-15
CUST00484,Customer 00484,46,Male,Hyderabad,Premium,2023-02-12
CUST00485,Customer 00485,37,Female,Hyderabad,Regular,2022-01-21
CUST00486,Customer 00486,44,Male,Kolkata,Regular,2022-04-08
CUST00487,Customer 00487,35,Male,Delhi,Regular,2024-01-04
CUST00488,Customer 00488,21,Female,Mumbai,Premium,2024-12-29
CUST00489,Customer 00489,18,Male,Jaipur,Premium,2022-11-29
CUST00490,Customer 00490,18,Female,Kolkata,Regular,2024-06-04
CUST00491,Customer 00491,43,Female,Bengaluru,Regular,2024-05-21
CUST00492,Customer 00492,37,Male,Hyderabad,Regular,2022-07-23
CUST00493,Customer 00493,40,Female,Mumbai,Regular,2025-02-28
CUST00494,Customer 00494,27,Male,Delhi,Regular,2024-08-25
CUST00495,Customer 00495,28,Male,Bengaluru,Regular,2024-12-03
CUST00496,Customer 00496,58,Male,Mumbai,New,2024-12-21
CUST00497,Customer 00497,58,Male,Hyderabad,Regular,2022-04-26
CUST00498,Customer 00498,22,Female,Delhi,Regular,2025-12-27
CUST00499,Customer 00499,18,Male,Jaipur,Regular,2023-10-26
CUST00500,Customer 00500,34,Male,Jaipur,Regular,2023-09-19
CUST00501,Customer 00501,39,Male,Pune,Regular,2025-07-11
CUST00502,Customer 00502,51,Female,Hyderabad,Premium,2025-01-17
CUST00503,Customer 00503,58,Female,Mumbai,Premium,2024-03-02
CUST00504,Customer 00504,46,Male,Chennai,Regular,2024-12-28
CUST00505,Customer 00505,21,Male,Pune,Regular,2022-12-01
CUST00506,Customer 00506,22,Male,Delhi,Premium,2022-09-23
CUST00507,Customer 00507,28,Male,Kolkata,Regular,2025-06-29
CUST00508,Customer 00508,38,Female,Chennai,Regular,2023-02-22
CUST00509,Customer 00509,52,Female,Jaipur,Regular,2022-12-16
CUST00510,Customer 00510,29,Male,Pune,Regular,2023-08-21
CUST00511,Customer 00511,43,Male,Hyderabad,Regular,2023-02-05
CUST00512,Customer 00512,36,Male,Bengaluru,Premium,2025-04-05
CUST00513,Customer 00513,24,Female,Jaipur,Regular,2024-10-10
CUST00514,Customer 00514,24,Male,Kolkata,Regular,2024-05-27
CUST00515,Customer 00515,43,Other,Delhi,Regular,2023-07-04
CUST00516,Customer 00516,57,Female,Delhi,Regular,2022-03-26
CUST00517,Customer 00517,22,Male,Mumbai,Regular,2025-08-24
CUST00518,Customer 00518,38,Female,Chennai,New,2022-03-23
CUST00519,Customer 00519,31,Female,Jaipur,Regular,2024-02-01
CUST00520,Customer 00520,21,Female,Delhi,Regular,2023-07-07
CUST00521,Customer 00521,40,Male,Hyderabad,Regular,2025-08-16
CUST00522,Customer 00522,59,Male,Bengaluru,Regular,2023-06-10
CUST00523,Customer 00523,37,Female,Jaipur,Premium,2023-02-25
CUST00524,Customer 00524,32,Female,Kolkata,Regular,2025-03-09
CUST00525,Customer 00525,46,Female,Chennai,New,2023-08-11
CUST00526,Customer 00526,25,Female,Bengaluru,New,2024-03-16
CUST00527,Customer 00527,58,Female,Bengaluru,Regular,2023-09-13
CUST00528,Customer 00528,36,Female,Mumbai,Regular,2024-04-28
CUST00529,Customer 00529,56,Male,Delhi,Regular,2025-07-28
CUST00530,Customer 00530,85,Female,Kolkata,Regular,2024-12-24
CUST00531,Customer 00531,44,Female,Chennai,New,2025-10-04
CUST00532,Customer 00532,21,Female,Jaipur,Regular,2023-08-03
CUST00533,Customer 00533,32,Female,Jaipur,Regular,2025-09-15
CUST00534,Customer 00534,52,Male,Hyderabad,New,2025-08-03
CUST00535,Customer 00535,54,Female,Chennai,New,2022-01-02
CUST00536,Customer 00536,18,Female,Jaipur,New,2024-01-04
CUST00537,Customer 00537,20,Male,Kolkata,New,2024-06-20
CUST00538,Customer 00538,41,Male,Mumbai,Regular,2023-04-19
CUST00539,Customer 00539,44,Male,Bengaluru,New,2024-03-03
CUST00540,Customer 00540,57,Male,Delhi,Regular,2024-08-14
CUST00541,Customer 00541,53,Male,Jaipur,New,2024-04-24
CUST00542,Customer 00542,51,Male,Hyderabad,Premium,2022-08-01
CUST00543,Customer 00543,46,Female,Mumbai,Premium,2025-02-16
CUST00544,Customer 00544,41,Female,Pune,Regular,2022-11-26
CUST00545,Customer 00545,41,Female,Hyderabad,Regular,2023-12-10
CUST00546,Customer 00546,59,Female,Mumbai,Regular,2024-07-25
CUST00547,Customer 00547,21,Male,Delhi,Regular,2024-06-26
CUST00548,Customer 00548,20,Male,Pune,New,2022-03-17
CUST00549,Customer 00549,51,Female,Bengaluru,Regular,2025-05-30
CUST00550,Customer 00550,40,Male,Chennai,Regular,2023-07-20
CUST00551,Customer 00551,40,Other,Bengaluru,Premium,2023-11-08
CUST00552,Customer 00552,22,Female,Kolkata,New,2024-03-03
CUST00553,Customer 00553,48,Female,Hyderabad,Regular,2023-02-23
CUST00554,Customer 00554,58,Other,Hyderabad,Regular,2025-04-03
CUST00555,Customer 00555,23,Male,Kolkata,New,2022-10-28
CUST00556,Customer 00556,54,Male,Bengaluru,Regular,2025-02-12
CUST00557,Customer 00557,27,Female,Delhi,New,2024-07-20
CUST00558,Customer 00558,57,Male,Delhi,Regular,2022-11-13
CUST00559,Customer 00559,24,Female,Chennai,Regular,2023-12-13
CUST00560,Customer 00560,56,Male,Hyderabad,Regular,2024-10-19
CUST00561,Customer 00561,55,Female,Pune,Regular,2023-01-18
CUST00562,Customer 00562,38,Female,Delhi,Premium,2022-08-19
CUST00563,Customer 00563,37,Female,Delhi,New,2022-08-15
CUST00564,Customer 00564,20,Male,Delhi,Premium,2024-09-08
CUST00565,Customer 00565,39,Male,Mumbai,Regular,2024-04-26
CUST00566,Customer 00566,21,Female,Hyderabad,Regular,2022-12-29
CUST00567,Customer 00567,45,Male,Bengaluru,Regular,2025-06-21
CUST00568,Customer 00568,29,Female,Bengaluru,New,2023-03-16
CUST00569,Customer 00569,55,Female,Kolkata,Premium,2024-06-19
CUST00570,Customer 00570,53,Female,Mumbai,Regular,2024-09-27
CUST00571,Customer 00571,58,Female,Bengaluru,Regular,2023-12-10
CUST00572,Customer 00572,22,Male,Chennai,Regular,2025-08-21
CUST00573,Customer 00573,30,Female,Bengaluru,Regular,2023-06-17
CUST00574,Customer 00574,40,Female,Hyderabad,Regular,2022-09-19
CUST00575,Customer 00575,47,Male,Kolkata,Regular,2023-10-09
CUST00576,Customer 00576,54,Female,Jaipur,New,2022-05-18
CUST00577,Customer 00577,42,Male,Delhi,Regular,2022-12-16
CUST00578,Customer 00578,44,Male,Jaipur,Premium,2025-05-23
CUST00579,Customer 00579,31,Male,Bengaluru,New,2025-06-15
CUST00580,Customer 00580,53,Female,Mumbai,New,2022-10-08
CUST00581,Customer 00581,56,Male,Bengaluru,Regular,2023-10-31
CUST00582,Customer 00582,33,Female,Jaipur,Regular,2025-10-02
CUST00583,Customer 00583,39,Female,Bengaluru,Regular,2022-01-17
CUST00584,Customer 00584,38,Male,Mumbai,New,2024-02-02
CUST00585,Customer 00585,38,Male,Hyderabad,Regular,2024-10-18
CUST00586,Customer 00586,25,Female,Mumbai,New,2023-07-12
CUST00587,Customer 00587,33,Male,Delhi,Regular,2022-06-07
CUST00588,Customer 00588,48,Female,Delhi,Regular,2025-06-01
CUST00589,Customer 00589,59,Male,Delhi,Regular,2022-09-02
CUST00590,Customer 00590,27,Female,Delhi,Regular,2022-04-11
CUST00591,Customer 00591,49,Female,Delhi,Premium,2022-10-02
CUST00592,Customer 00592,51,Male,Hyderabad,Regular,2025-10-30
CUST00593,Customer 00593,26,Male,Delhi,Premium,2023-01-21
CUST00594,Customer 00594,34,Male,Mumbai,Regular,2023-04-23
CUST00595,Customer 00595,28,Male,Kolkata,Regular,2023-10-27
CUST00596,Customer 00596,49,Female,Bengaluru,New,2022-02-01
CUST00597,Customer 00597,27,Female,Pune,New,2023-11-27
CUST00598,Customer 00598,39,Male,Delhi,Regular,2024-12-17
CUST00599,Customer 00599,34,Female,Delhi,Regular,2022-09-19
CUST00600,Customer 00600,21,Female,Delhi,Premium,2023-06-25
CUST00601,Customer 00601,42,Male,Delhi,Regular,2023-11-16
CUST00602,Customer 00602,38,Male,Mumbai,Regular,2022-12-09
CUST00603,Customer 00603,54,Female,Delhi,Regular,2025-06-17
CUST00604,Customer 00604,55,Female,Delhi,Regular,2022-03-22
CUST00605,Customer 00605,18,Female,Delhi,Regular,2023-03-19
CUST00606,Customer 00606,42,Female,Bengaluru,Regular,2024-03-03
CUST00607,Customer 00607,53,Male,Delhi,Regular,2022-08-10
CUST00608,Customer 00608,34,Female,Mumbai,New,2022-07-09
CUST00609,Customer 00609,58,Female,Bengaluru,Premium,2022-09-12
CUST00610,Customer 00610,41,Female,Pune,New,2023-02-13
CUST00611,Customer 00611,19,Male,Delhi,New,2024-09-24
CUST00612,Customer 00612,57,Male,Chennai,Premium,2023-01-21
CUST00613,Customer 00613,32,Male,Hyderabad,Regular,2023-04-17
CUST00614,Customer 00614,49,Female,Delhi,Regular,2025-03-26
CUST00615,Customer 00615,56,Male,Kolkata,Regular,2024-05-09
CUST00616,Customer 00616,23,Male,Jaipur,Regular,2023-09-25
CUST00617,Customer 00617,18,Male,Delhi,Regular,2023-09-07
CUST00618,Customer 00618,40,Male,Mumbai,Regular,2024-10-17
CUST00619,Customer 00619,56,Female,Chennai,Regular,2025-08-28
CUST00620,Customer 00620,34,Female,Pune,Regular,2022-11-27
CUST00621,Customer 00621,51,Female,Delhi,Regular,2024-01-07
CUST00622,Customer 00622,58,Male,Delhi,Premium,2022-04-16
CUST00623,Customer 00623,46,Female,Mumbai,New,2025-05-06
CUST00624,Customer 00624,26,Male,Bengaluru,Regular,2023-10-03
CUST00625,Customer 00625,30,Male,Hyderabad,Regular,2022-08-15
CUST00626,Customer 00626,23,Male,Mumbai,Premium,2023-02-20
CUST00627,Customer 00627,23,Male,Bengaluru,New,2025-10-04
CUST00628,Customer 00628,37,Male,Pune,Regular,2022-04-25
CUST00629,Customer 00629,20,Female,Delhi,Premium,2025-09-03
CUST00630,Customer 00630,34,Female,Mumbai,Regular,2022-04-05
CUST00631,Customer 00631,29,Female,Pune,Premium,2025-12-13
CUST00632,Customer 00632,18,Male,Kolkata,New,2023-04-23
CUST00633,Customer 00633,34,Male,Bengaluru,Regular,2023-12-19
CUST00634,Customer 00634,20,Male,Hyderabad,Premium,2022-03-23
CUST00635,Customer 00635,43,Other,Delhi,Regular,2022-03-04
CUST00636,Customer 00636,32,Female,Bengaluru,Regular,2022-03-12
CUST00637,Customer 00637,53,Female,Hyderabad,New,2025-03-13
CUST00638,Customer 00638,49,Male,Mumbai,Premium,2023-02-15
CUST00639,Customer 00639,49,Female,Mumbai,Regular,2024-04-12
CUST00640,Customer 00640,21,Male,Mumbai,New,2023-05-10
CUST00641,Customer 00641,35,Female,Delhi,Regular,2023-09-11
CUST00642,Customer 00642,36,Female,Mumbai,Regular,2024-06-29
CUST00643,Customer 00643,60,Female,Delhi,New,2022-02-13
CUST00644,Customer 00644,52,Female,Mumbai,Regular,2023-08-03
CUST00645,Customer 00645,57,Male,Delhi,New,2022-01-12
CUST00646,Customer 00646,31,Female,Kolkata,Regular,2025-01-27
CUST00647,Customer 00647,50,Female,Hyderabad,Regular,2023-03-12
CUST00648,Customer 00648,31,Male,Pune,Regular,2023-10-08
CUST00649,Customer 00649,51,Male,Chennai,Regular,2022-01-07
CUST00650,Customer 00650,21,Male,Bengaluru,Premium,2022-01-08
CUST00651,Customer 00651,41,Male,Delhi,Regular,2025-03-16
CUST00652,Customer 00652,46,Male,Hyderabad,New,2023-04-29
CUST00653,Customer 00653,36,Female,Hyderabad,Regular,2023-07-29
CUST00654,Customer 00654,23,Male,Pune,Regular,2022-05-22
CUST00655,Customer 00655,50,Male,Bengaluru,Regular,2025-08-15
CUST00656,Customer 00656,57,Female,Delhi,Regular,2023-12-03
CUST00657,Customer 00657,36,Female,Mumbai,Regular,2022-09-11
CUST00658,Customer 00658,18,Female,Mumbai,Premium,2022-03-01
CUST00659,Customer 00659,22,Male,Hyderabad,New,2022-09-20
CUST00660,Customer 00660,44,Female,Hyderabad,Regular,2022-07-20
CUST00661,Customer 00661,33,Female,Mumbai,New,2025-01-26
CUST00662,Customer 00662,23,Male,Jaipur,Premium,2023-10-13
CUST00663,Customer 00663,57,Male,Hyderabad,New,2025-04-22
CUST00664,Customer 00664,30,Female,Mumbai,New,2024-06-16
CUST00665,Customer 00665,52,Female,Delhi,Regular,2025-06-16
CUST00666,Customer 00666,36,Female,Delhi,Regular,2025-08-07
CUST00667,Customer 00667,29,Female,Mumbai,Regular,2023-09-09
CUST00668,Customer 00668,33,Female,Delhi,Regular,2025-03-10
CUST00669,Customer 00669,60,Female,Delhi,Regular,2022-09-10
CUST00670,Customer 00670,27,Male,Mumbai,New,2023-06-07
CUST00671,Customer 00671,42,Male,Delhi,Regular,2025-06-10
CUST00672,Customer 00672,37,Male,Kolkata,Regular,2025-10-03
CUST00673,Customer 00673,48,Female,Delhi,Regular,2025-03-14
CUST00674,Customer 00674,21,Female,Bengaluru,Regular,2024-02-22
CUST00675,Customer 00675,40,Female,Bengaluru,Regular,2024-04-17
CUST00676,Customer 00676,19,Male,Jaipur,Regular,2022-08-04
CUST00677,Customer 00677,39,Female,Delhi,New,2023-07-31
CUST00678,Customer 00678,54,Male,Bengaluru,Regular,2025-06-25
CUST00679,Customer 00679,25,Male,Jaipur,Premium,2023-12-11
CUST00680,Customer 00680,24,Female,Kolkata,Premium,2023-11-26
CUST00681,Customer 00681,31,Female,Chennai,Regular,2023-11-22
CUST00682,Customer 00682,20,Other,Mumbai,New,2025-01-27
CUST00683,Customer 00683,33,Male,Delhi,New,2022-01-13
CUST00684,Customer 00684,36,Female,Pune,Regular,2022-04-29
CUST00685,Customer 00685,35,Male,Jaipur,Regular,2025-05-03
CUST00686,Customer 00686,33,Male,Hyderabad,New,2023-01-19
CUST00687,Customer 00687,25,Female,Hyderabad,Premium,2024-04-15
CUST00688,Customer 00688,50,Female,Mumbai,Regular,2024-07-16
CUST00689,Customer 00689,29,Female,Chennai,Premium,2024-11-17
CUST00690,Customer 00690,28,Male,Delhi,Regular,2024-01-01
CUST00691,Customer 00691,22,Female,Mumbai,Regular,2025-11-29
CUST00692,Customer 00692,44,Male,Bengaluru,Regular,2024-10-08
CUST00693,Customer 00693,29,Female,Bengaluru,Regular,2022-11-29
CUST00694,Customer 00694,34,Male,Mumbai,Regular,2024-08-19
CUST00695,Customer 00695,23,Male,Delhi,Regular,2022-05-08
CUST00696,Customer 00696,50,Female,Hyderabad,Regular,2023-03-19
CUST00697,Customer 00697,22,Female,Mumbai,Premium,2022-05-02
CUST00698,Customer 00698,45,Male,Hyderabad,Regular,2024-05-29
CUST00699,Customer 00699,31,Male,Delhi,Regular,2025-02-26
CUST00700,Customer 00700,22,Female,Bengaluru,Premium,2025-01-12
CUST00701,Customer 00701,50,Male,Hyderabad,Regular,2024-02-02
CUST00702,Customer 00702,58,Male,Delhi,New,2023-05-08
CUST00703,Customer 00703,36,Male,Mumbai,Regular,2022-01-24
CUST00704,Customer 00704,39,Male,Delhi,Regular,2025-10-26
CUST00705,Customer 00705,22,Female,Delhi,Premium,2022-07-04
CUST00706,Customer 00706,19,Female,Jaipur,Regular,2025-02-28
CUST00707,Customer 00707,47,Female,Mumbai,Regular,2022-11-17
CUST00708,Customer 00708,56,Other,Chennai,Regular,2024-09-25
CUST00709,Customer 00709,21,Male,Mumbai,New,2025-08-26
CUST00710,Customer 00710,12,Male,Pune,Regular,2023-12-21
CUST00711,Customer 00711,30,Male,Chennai,Premium,2023-02-13
CUST00712,Customer 00712,37,Male,Hyderabad,New,2024-06-21
CUST00713,Customer 00713,24,Male,Bengaluru,Regular,2022-08-16
CUST00714,Customer 00714,32,Female,Bengaluru,Regular,2022-03-04
CUST00715,Customer 00715,40,Female,Mumbai,New,2022-12-22
CUST00716,Customer 00716,31,Male,Jaipur,New,2023-07-26
CUST00717,Customer 00717,40,Female,Chennai,Premium,2025-03-08
CUST00718,Customer 00718,36,Female,Jaipur,Regular,2025-03-21
CUST00719,Customer 00719,46,Female,Delhi,Regular,2023-11-17
CUST00720,Customer 00720,37,Female,Pune,New,2024-08-11
CUST00721,Customer 00721,46,Female,Jaipur,Regular,2022-06-29
CUST00722,Customer 00722,41,Female,Delhi,Regular,2024-04-28
CUST00723,Customer 00723,35,Female,Delhi,Regular,2024-07-27
CUST00724,Customer 00724,27,Female,Pune,New,2022-06-19
CUST00725,Customer 00725,58,Male,Hyderabad,Premium,2022-04-01
CUST00726,Customer 00726,25,Male,Kolkata,Regular,2024-01-17
CUST00727,Customer 00727,43,Female,Delhi,Regular,2022-12-14
CUST00728,Customer 00728,46,Male,Chennai,Regular,2023-10-28
CUST00729,Customer 00729,27,Male,Delhi,Regular,2025-11-16
CUST00730,Customer 00730,34,Female,Delhi,Premium,2024-04-02
CUST00731,Customer 00731,19,Male,Delhi,Premium,2024-03-06
CUST00732,Customer 00732,23,Female,Chennai,Regular,2025-10-30
CUST00733,Customer 00733,22,Female,Pune,Premium,2022-11-13
CUST00734,Customer 00734,45,Female,Bengaluru,Regular,2024-06-27
CUST00735,Customer 00735,58,Female,Mumbai,Premium,2025-05-19
CUST00736,Customer 00736,22,Male,Kolkata,Regular,2025-12-19
CUST00737,Customer 00737,35,Female,Bengaluru,Regular,2024-01-17
CUST00738,Customer 00738,43,Female,Chennai,Regular,2022-11-02
CUST00739,Customer 00739,37,Other,Bengaluru,Premium,2022-01-30
CUST00740,Customer 00740,58,Male,Mumbai,New,2025-02-24
CUST00741,Customer 00741,44,Male,Bengaluru,Regular,2025-08-13
CUST00742,Customer 00742,29,Female,Mumbai,Regular,2023-11-22
CUST00743,Customer 00743,24,Male,Pune,Regular,2025-01-19
CUST00744,Customer 00744,20,Female,Bengaluru,Regular,2023-08-21
CUST00745,Customer 00745,27,Male,Mumbai,Premium,2024-01-07
CUST00746,Customer 00746,51,Male,Kolkata,Regular,2022-11-11
CUST00747,Customer 00747,42,Male,Bengaluru,Premium,2022-10-10
CUST00748,Customer 00748,52,Male,Hyderabad,Regular,2025-11-26
CUST00749,Customer 00749,33,Female,Kolkata,Regular,2024-12-24
CUST00750,Customer 00750,19,Female,Hyderabad,Regular,2025-04-22
CUST00751,Customer 00751,41,Male,Delhi,New,2023-05-18
CUST00752,Customer 00752,27,Female,Jaipur,Regular,2022-09-15
CUST00753,Customer 00753,55,Male,Hyderabad,Regular,2023-07-09
CUST00754,Customer 00754,39,Female,Mumbai,Regular,2024-08-28
CUST00755,Customer 00755,43,Male,Delhi,Regular,2022-04-03
CUST00756,Customer 00756,60,Female,Chennai,Regular,2022-02-27
CUST00757,Customer 00757,56,Female,Hyderabad,New,2022-02-14
CUST00758,Customer 00758,44,Female,Hyderabad,New,2023-03-11
CUST00759,Customer 00759,46,Female,Kolkata,Regular,2025-08-16
CUST00760,Customer 00760,55,Female,Chennai,Regular,2025-04-18
CUST00761,Customer 00761,37,Female,Delhi,New,2024-07-16
CUST00762,Customer 00762,44,Female,Mumbai,Regular,2024-05-27
CUST00763,Customer 00763,58,Female,Mumbai,Regular,2022-10-15
CUST00764,Customer 00764,37,Female,Pune,Regular,2023-10-11
CUST00765,Customer 00765,36,Male,Delhi,Regular,2025-09-28
CUST00766,Customer 00766,37,Female,Hyderabad,Regular,2024-03-01
CUST00767,Customer 00767,52,Male,Chennai,Regular,2025-08-26
CUST00768,Customer 00768,19,Female,Kolkata,Regular,2025-12-11
CUST00769,Customer 00769,47,Female,Mumbai,Regular,2024-11-29
CUST00770,Customer 00770,51,Female,Chennai,Regular,2024-03-26
CUST00771,Customer 00771,39,Male,Delhi,Regular,2025-05-29
CUST00772,Customer 00772,20,Male,Kolkata,New,2024-04-15
CUST00773,Customer 00773,23,Female,Delhi,Regular,2022-04-16
CUST00774,Customer 00774,32,Female,Bengaluru,Regular,2023-01-28
CUST00775,Customer 00775,44,Male,Chennai,Premium,2024-06-02
CUST00776,Customer 00776,27,Male,Delhi,Regular,2023-02-04
CUST00777,Customer 00777,26,Female,Mumbai,Regular,2022-01-29
CUST00778,Customer 00778,50,Female,Pune,Regular,2022-04-06
CUST00779,Customer 00779,49,Male,Pune,Regular,2023-04-21
CUST00780,Customer 00780,23,Male,Hyderabad,Regular,2025-11-30
CUST00781,Customer 00781,58,Male,Pune,Regular,2023-05-08
CUST00782,Customer 00782,53,Female,Hyderabad,Regular,2022-04-28
CUST00783,Customer 00783,19,Male,Mumbai,Regular,2023-11-17
CUST00784,Customer 00784,46,Male,Mumbai,New,2023-02-04
CUST00785,Customer 00785,21,Male,Delhi,Premium,2024-10-28
CUST00786,Customer 00786,18,Male,Kolkata,New,2022-06-08
CUST00787,Customer 00787,36,Female,Hyderabad,Premium,2023-06-26
CUST00788,Customer 00788,43,Male,Bengaluru,Premium,2022-05-11
CUST00789,Customer 00789,42,Male,Bengaluru,Regular,2023-07-26
CUST00790,Customer 00790,27,Male,Jaipur,Regular,2023-03-11
CUST00791,Customer 00791,32,Male,Delhi,Regular,2024-11-05
CUST00792,Customer 00792,39,Male,Hyderabad,Regular,2023-10-28
CUST00793,Customer 00793,38,Female,Bengaluru,Regular,2025-05-23
CUST00794,Customer 00794,39,Female,Hyderabad,Regular,2024-02-03
CUST00795,Customer 00795,53,Female,Delhi,Regular,2024-02-16
CUST00796,Customer 00796,51,Female,Kolkata,Regular,2024-06-11
CUST00797,Customer 00797,47,Female,Jaipur,Regular,2023-01-22
CUST00798,Customer 00798,42,Male,Hyderabad,Regular,2025-11-03
CUST00799,Customer 00799,45,Female,Pune,Regular,2024-08-08
CUST00800,Customer 00800,18,Female,Jaipur,New,2024-03-01
CUST00801,Customer 00801,21,Female,Pune,New,2023-11-28
CUST00802,Customer 00802,24,Female,Delhi,Regular,2023-09-17
CUST00803,Customer 00803,26,Male,Hyderabad,New,2022-05-08
CUST00804,Customer 00804,53,Female,Hyderabad,New,2023-05-22
CUST00805,Customer 00805,36,Female,Bengaluru,Regular,2023-12-02
CUST00806,Customer 00806,18,Other,Pune,New,2023-10-20
CUST00807,Customer 00807,27,Male,Jaipur,Regular,2025-05-17
CUST00808,Customer 00808,53,Male,Jaipur,Regular,2023-08-09
CUST00809,Customer 00809,26,Male,Bengaluru,Premium,2024-12-20
CUST00810,Customer 00810,59,Female,Delhi,Regular,2024-08-24
CUST00811,Customer 00811,49,Male,Jaipur,Regular,2025-04-04
CUST00812,Customer 00812,49,Male,Chennai,Regular,2025-11-20
CUST00813,Customer 00813,23,Other,Delhi,Regular,2022-05-03
CUST00814,Customer 00814,55,Male,Jaipur,Regular,2022-05-27
CUST00815,Customer 00815,34,Female,Kolkata,New,2023-12-16
CUST00816,Customer 00816,27,Male,Bengaluru,Premium,2022-12-21
CUST00817,Customer 00817,44,Female,Hyderabad,Regular,2024-12-16
CUST00818,Customer 00818,52,Female,Bengaluru,Regular,2023-10-18
CUST00819,Customer 00819,38,Female,Delhi,Regular,2023-08-22
CUST00820,Customer 00820,42,Female,Mumbai,Regular,2023-08-06
CUST00821,Customer 00821,45,Male,Chennai,Premium,2023-08-29
CUST00822,Customer 00822,32,Male,Delhi,Regular,2022-05-26
CUST00823,Customer 00823,21,Male,Mumbai,Regular,2022-07-04
CUST00824,Customer 00824,46,Female,Bengaluru,New,2023-01-19
CUST00825,Customer 00825,26,Female,Hyderabad,Premium,2022-06-19
CUST00826,Customer 00826,44,Male,Kolkata,Regular,2022-04-13
CUST00827,Customer 00827,43,Female,Mumbai,Regular,2024-01-17
CUST00828,Customer 00828,36,Male,Mumbai,New,2024-06-29
CUST00829,Customer 00829,45,Female,Pune,Regular,2022-08-14
CUST00830,Customer 00830,34,Female,Bengaluru,Premium,2023-10-24
CUST00831,Customer 00831,60,Male,Mumbai,Regular,2023-01-31
CUST00832,Customer 00832,58,Female,Bengaluru,Regular,2022-06-30
CUST00833,Customer 00833,59,Male,Delhi,New,2022-07-06
CUST00834,Customer 00834,37,Female,Delhi,Regular,2023-10-30
CUST00835,Customer 00835,57,Female,Bengaluru,Regular,2023-07-17
CUST00836,Customer 00836,56,Male,Bengaluru,Premium,2022-12-03
CUST00837,Customer 00837,40,Male,Kolkata,Regular,2025-12-15
CUST00838,Customer 00838,49,Male,Mumbai,Regular,2023-04-28
CUST00839,Customer 00839,50,Female,Hyderabad,Regular,2022-06-16
CUST00840,Customer 00840,22,Female,Hyderabad,New,2024-05-11
CUST00841,Customer 00841,60,Male,Delhi,Regular,2024-01-26
CUST00842,Customer 00842,51,Female,Pune,Regular,2024-10-26
CUST00843,Customer 00843,57,Female,Delhi,Premium,2022-09-04
CUST00844,Customer 00844,28,Male,Jaipur,Premium,2024-10-17
CUST00845,Customer 00845,20,Male,Delhi,Regular,2022-12-20
CUST00846,Customer 00846,50,Female,Bengaluru,Regular,2025-05-01
CUST00847,Customer 00847,28,Female,Delhi,Regular,2024-02-25
CUST00848,Customer 00848,33,Male,Jaipur,Premium,2025-08-10
CUST00849,Customer 00849,35,Male,Bengaluru,Premium,2025-05-25
CUST00850,Customer 00850,47,Male,Hyderabad,Regular,2023-08-14
CUST00851,Customer 00851,27,Female,Delhi,Regular,2022-04-28
CUST00852,Customer 00852,35,Male,Pune,Regular,2022-03-29
CUST00853,Customer 00853,55,Male,Delhi,Regular,2022-12-28
CUST00854,Customer 00854,36,Female,Kolkata,Regular,2023-03-02
CUST00855,Customer 00855,53,Female,Delhi,Regular,2023-10-25
CUST00856,Customer 00856,30,Male,Delhi,New,2025-04-07
CUST00857,Customer 00857,20,Male,Delhi,New,2025-01-18
CUST00858,Customer 00858,27,Female,Bengaluru,Premium,2024-06-21
CUST00859,Customer 00859,55,Male,Hyderabad,Regular,2023-06-27
CUST00860,Customer 00860,18,Male,Delhi,Regular,2024-03-12
CUST00861,Customer 00861,44,Female,Chennai,Regular,2022-02-13
CUST00862,Customer 00862,25,Male,Bengaluru,Regular,2023-03-03
CUST00863,Customer 00863,59,Female,Bengaluru,Regular,2024-03-04
CUST00864,Customer 00864,34,Female,Bengaluru,Regular,2023-08-13
CUST00865,Customer 00865,26,Male,Bengaluru,Regular,2023-08-25
CUST00866,Customer 00866,23,Male,Hyderabad,Regular,2025-02-09
CUST00867,Customer 00867,60,Female,Delhi,Regular,2023-04-02
CUST00868,Customer 00868,42,Female,Delhi,Regular,2024-05-05
CUST00869,Customer 00869,56,Female,Kolkata,Regular,2025-01-02
CUST00870,Customer 00870,45,Female,Jaipur,Regular,2023-05-27
CUST00871,Customer 00871,50,Male,Mumbai,Regular,2024-07-06
CUST00872,Customer 00872,54,Female,Mumbai,Regular,2024-03-16
CUST00873,Customer 00873,26,Male,Hyderabad,New,2022-07-03
CUST00874,Customer 00874,35,Male,Bengaluru,Regular,2023-11-03
CUST00875,Customer 00875,38,Male,Delhi,Premium,2024-04-07
CUST00876,Customer 00876,19,Male,Delhi,Regular,2024-01-13
CUST00877,Customer 00877,60,Female,Pune,Regular,2023-02-09
CUST00878,Customer 00878,55,Male,Pune,Regular,2023-09-14
CUST00879,Customer 00879,57,Male,Delhi,New,2025-08-09
CUST00880,Customer 00880,53,Male,Mumbai,Regular,2022-11-25
CUST00881,Customer 00881,60,Female,Mumbai,Regular,2023-03-24
CUST00882,Customer 00882,54,Female,Pune,Regular,2025-06-08
CUST00883,Customer 00883,32,Male,Delhi,Premium,2023-04-13
CUST00884,Customer 00884,45,Male,Delhi,Regular,2024-06-12
CUST00885,Customer 00885,35,Male,Chennai,New,2022-05-13
CUST00886,Customer 00886,51,Female,Delhi,Premium,2022-06-27
CUST00887,Customer 00887,39,Female,Pune,Regular,2022-08-13
CUST00888,Customer 00888,28,Female,Mumbai,Regular,2023-02-15
CUST00889,Customer 00889,30,Female,Delhi,Regular,2024-11-10
CUST00890,Customer 00890,21,Male,Mumbai,Regular,2023-09-28
CUST00891,Customer 00891,39,Female,Pune,Regular,2022-01-29
CUST00892,Customer 00892,24,Female,Kolkata,New,2023-07-21
CUST00893,Customer 00893,60,Male,Chennai,Regular,2025-09-02
CUST00894,Customer 00894,41,Male,Bengaluru,New,2023-09-12
CUST00895,Customer 00895,21,Female,Pune,Regular,2023-10-31
CUST00896,Customer 00896,45,Female,Delhi,Regular,2022-01-22
CUST00897,Customer 00897,32,Male,Mumbai,Regular,2023-03-27
CUST00898,Customer 00898,18,Female,Kolkata,Premium,2025-09-05
CUST00899,Customer 00899,20,Female,Delhi,Regular,2024-06-04
CUST00900,Customer 00900,31,Male,Delhi,Regular,2022-11-21
CUST00901,Customer 00901,55,Male,Delhi,Regular,2023-01-24
CUST00902,Customer 00902,18,Male,Delhi,Regular,2025-01-12
CUST00903,Customer 00903,55,Female,Delhi,Regular,2022-03-01
CUST00904,Customer 00904,55,Male,Hyderabad,Regular,2024-01-24
CUST00905,Customer 00905,38,Male,Bengaluru,Premium,2023-06-14
CUST00906,Customer 00906,46,Female,Kolkata,Premium,2024-09-24
CUST00907,Customer 00907,22,Female,Chennai,Premium,2023-08-30
CUST00908,Customer 00908,27,Male,Mumbai,Premium,2025-06-17
CUST00909,Customer 00909,45,Male,Mumbai,Regular,2025-03-14
CUST00910,Customer 00910,38,Female,Mumbai,Regular,2023-09-04
CUST00911,Customer 00911,24,Female,Hyderabad,Premium,2022-05-16
CUST00912,Customer 00912,20,Female,Mumbai,Regular,2022-03-07
CUST00913,Customer 00913,37,Male,Hyderabad,Premium,2022-04-04
CUST00914,Customer 00914,36,Female,Bengaluru,Regular,2024-10-25
CUST00915,Customer 00915,52,Female,Hyderabad,Regular,2022-12-21
CUST00916,Customer 00916,21,Female,Bengaluru,Regular,2025-02-21
CUST00917,Customer 00917,22,Female,Mumbai,Premium,2022-12-28
CUST00918,Customer 00918,18,Male,Jaipur,Regular,2024-09-08
CUST00919,Customer 00919,21,Male,Chennai,Regular,2023-04-02
CUST00920,Customer 00920,29,Female,Delhi,Regular,2024-07-20
CUST00921,Customer 00921,44,Female,Kolkata,Regular,2022-03-17
CUST00922,Customer 00922,59,Female,Bengaluru,Regular,2024-07-15
CUST00923,Customer 00923,40,Male,Kolkata,Regular,2022-04-05
CUST00924,Customer 00924,42,Female,Chennai,Regular,2024-06-03
CUST00925,Customer 00925,38,Female,Bengaluru,Regular,2025-08-20
CUST00926,Customer 00926,41,Male,Delhi,Regular,2022-12-24
CUST00927,Customer 00927,42,Male,Mumbai,Regular,2025-04-08
CUST00928,Customer 00928,49,Female,Hyderabad,Regular,2023-03-03
CUST00929,Customer 00929,49,Female,Hyderabad,New,2025-07-20
CUST00930,Customer 00930,22,Female,Mumbai,Premium,2024-07-21
CUST00931,Customer 00931,53,Female,Delhi,Regular,2023-04-08
CUST00932,Customer 00932,59,Male,Chennai,Regular,2023-07-26
CUST00933,Customer 00933,59,Male,Jaipur,Regular,2025-06-04
CUST00934,Customer 00934,56,Female,Bengaluru,Regular,2024-04-04
CUST00935,Customer 00935,33,Female,Delhi,Regular,2022-10-09
CUST00936,Customer 00936,50,Female,Mumbai,Regular,2022-01-15
CUST00937,Customer 00937,12,Female,Delhi,Regular,2022-05-08
CUST00938,Customer 00938,26,Male,Kolkata,Regular,2024-09-05
CUST00939,Customer 00939,23,Female,Delhi,Regular,2022-07-07
CUST00940,Customer 00940,52,Male,Hyderabad,New,2025-04-03
CUST00941,Customer 00941,56,Male,Mumbai,Regular,2022-06-10
CUST00942,Customer 00942,39,Male,Hyderabad,New,2024-03-11
CUST00943,Customer 00943,58,Male,Pune,New,2024-05-09
CUST00944,Customer 00944,22,Male,Chennai,Premium,2023-03-08
CUST00945,Customer 00945,59,Male,Delhi,Regular,2022-12-07
CUST00946,Customer 00946,40,Male,Delhi,Regular,2023-08-12
CUST00947,Customer 00947,34,Male,Delhi,Regular,2025-10-05
CUST00948,Customer 00948,29,Female,Kolkata,Premium,2022-11-01
CUST00949,Customer 00949,40,Male,Kolkata,Regular,2025-06-14
CUST00950,Customer 00950,33,Male,Hyderabad,Regular,2023-05-02
CUST00951,Customer 00951,20,Female,Hyderabad,Regular,2022-05-07
CUST00952,Customer 00952,47,Female,Pune,Premium,2023-10-23
CUST00953,Customer 00953,39,Female,Delhi,Premium,2022-06-29
CUST00954,Customer 00954,26,Male,Kolkata,Premium,2023-05-08
CUST00955,Customer 00955,46,Female,Bengaluru,New,2025-05-02
CUST00956,Customer 00956,54,Male,Bengaluru,Regular,2022-11-21
CUST00957,Customer 00957,40,Male,Bengaluru,Regular,2024-03-09
CUST00958,Customer 00958,30,Male,Delhi,Regular,2024-04-07
CUST00959,Customer 00959,49,Female,Delhi,Premium,2025-01-01
CUST00960,Customer 00960,40,Male,Pune,New,2025-05-06
CUST00961,Customer 00961,34,Male,Delhi,New,2023-08-10
CUST00962,Customer 00962,57,Male,Hyderabad,Regular,2023-12-30
CUST00963,Customer 00963,38,Female,Mumbai,New,2024-06-17
CUST00964,Customer 00964,19,Female,Bengaluru,Regular,2023-12-09
CUST00965,Customer 00965,54,Male,Mumbai,Regular,2025-01-06
CUST00966,Customer 00966,23,Female,Mumbai,Regular,2024-08-30
CUST00967,Customer 00967,35,Female,Pune,New,2024-04-11
CUST00968,Customer 00968,47,Female,Mumbai,Regular,2023-09-25
CUST00969,Customer 00969,39,Male,Hyderabad,Regular,2025-09-17
CUST00970,Customer 00970,50,Female,Bengaluru,New,2023-10-01
CUST00971,Customer 00971,47,Male,Pune,Regular,2022-08-16
CUST00972,Customer 00972,34,Female,Jaipur,Regular,2022-09-15
CUST00973,Customer 00973,60,Male,Pune,Regular,2022-10-28
CUST00974,Customer 00974,49,Male,Delhi,Regular,2025-01-12
CUST00975,Customer 00975,59,Male,Delhi,New,2024-01-22
CUST00976,Customer 00976,31,Female,Mumbai,Premium,2025-08-25
CUST00977,Customer 00977,27,Male,Hyderabad,Regular,2025-08-06
CUST00978,Customer 00978,53,Female,Delhi,Premium,2024-09-11
CUST00979,Customer 00979,51,Male,Bengaluru,New,2024-05-31
CUST00980,Customer 00980,26,Female,Hyderabad,Premium,2022-09-28
CUST00981,Customer 00981,59,Female,Mumbai,Regular,2023-01-29
CUST00982,Customer 00982,45,Female,Chennai,Premium,2025-11-09
CUST00983,Customer 00983,28,Female,Delhi,New,2024-08-05
CUST00984,Customer 00984,31,Female,Delhi,Regular,2024-06-28
CUST00985,Customer 00985,56,Male,Pune,Premium,2025-09-13
CUST00986,Customer 00986,36,Female,Bengaluru,Regular,2025-02-08
CUST00987,Customer 00987,32,Male,Pune,Regular,2024-12-03
CUST00988,Customer 00988,45,Female,Bengaluru,Premium,2024-02-06
CUST00989,Customer 00989,41,Female,Mumbai,Regular,2022-11-08
CUST00990,Customer 00990,25,Male,Chennai,Regular,2023-04-17
CUST00991,Customer 00991,60,Male,Chennai,Regular,2022-02-25
CUST00992,Customer 00992,26,Male,Pune,Premium,2025-02-04
CUST00993,Customer 00993,50,Female,Mumbai,New,2024-07-06
CUST00994,Customer 00994,50,Female,Hyderabad,Regular,2022-06-14
CUST00995,Customer 00995,36,Female,Mumbai,Regular,2022-03-22
CUST00996,Customer 00996,20,Female,Delhi,Regular,2023-01-31
CUST00997,Customer 00997,27,Female,Kolkata,Regular,2023-05-19
CUST00998,Customer 00998,57,Male,Delhi,Premium,2023-05-12
CUST00999,Customer 00999,59,Male,Jaipur,Premium,2024-10-01
CUST01000,Customer 01000,18,Female,Bengaluru,New,2023-05-24
CUST01001,Customer 01001,46,Female,Delhi,Regular,2022-10-07
CUST01002,Customer 01002,51,Female,Hyderabad,New,2024-02-02
CUST01003,Customer 01003,30,Male,Kolkata,Regular,2023-11-16
CUST01004,Customer 01004,18,Male,Pune,Regular,2025-11-09
CUST01005,Customer 01005,51,Male,Chennai,Premium,2024-01-28
CUST01006,Customer 01006,46,Male,Pune,Premium,2023-05-04
CUST01007,Customer 01007,30,Male,Pune,New,2024-11-17
CUST01008,Customer 01008,46,Female,Kolkata,New,2025-08-01
CUST01009,Customer 01009,56,Male,Mumbai,Regular,2022-07-10
CUST01010,Customer 01010,41,Female,Bengaluru,Regular,2023-12-25
CUST01011,Customer 01011,12,Male,Mumbai,Regular,2022-04-10
CUST01012,Customer 01012,34,Female,Jaipur,Premium,2024-08-11
CUST01013,Customer 01013,24,Male,Jaipur,Premium,2024-10-22
CUST01014,Customer 01014,30,Male,Delhi,Regular,2022-07-02
CUST01015,Customer 01015,22,Male,Pune,Premium,2024-03-29
CUST01016,Customer 01016,43,Female,Jaipur,Regular,2022-10-21
CUST01017,Customer 01017,20,Female,Delhi,Regular,2025-03-02
CUST01018,Customer 01018,24,Male,Hyderabad,Regular,2024-07-01
CUST01019,Customer 01019,56,Male,Kolkata,New,2022-03-18
CUST01020,Customer 01020,18,Female,Delhi,Premium,2022-12-18
CUST01021,Customer 01021,34,Male,Pune,Regular,2025-09-30
CUST01022,Customer 01022,60,Male,Mumbai,Regular,2025-12-16
CUST01023,Customer 01023,42,Female,Jaipur,Regular,2023-02-14
CUST01024,Customer 01024,20,Female,Jaipur,New,2025-12-06
CUST01025,Customer 01025,32,Male,Jaipur,New,2025-06-04
CUST01026,Customer 01026,46,Male,Bengaluru,Regular,2025-05-08
CUST01027,Customer 01027,60,Female,Kolkata,Regular,2023-10-07
CUST01028,Customer 01028,49,Male,Kolkata,Regular,2024-07-15
CUST01029,Customer 01029,43,Male,Mumbai,Regular,2024-05-20
CUST01030,Customer 01030,33,Female,Chennai,Regular,2022-07-14
CUST01031,Customer 01031,42,Female,Delhi,Regular,2023-08-08
CUST01032,Customer 01032,45,Male,Hyderabad,Regular,2025-04-10
CUST01033,Customer 01033,26,Other,Mumbai,Premium,2023-01-01
CUST01034,Customer 01034,18,Female,Delhi,Regular,2024-04-19
CUST01035,Customer 01035,46,Male,Delhi,Regular,2024-10-06
CUST01036,Customer 01036,39,Other,Pune,New,2022-05-22
CUST01037,Customer 01037,33,Male,Mumbai,Regular,2023-01-28
CUST01038,Customer 01038,58,Male,Pune,New,2023-06-30
CUST01039,Customer 01039,58,Female,Delhi,Regular,2022-06-13
CUST01040,Customer 01040,24,Male,Mumbai,Regular,2025-01-13
CUST01041,Customer 01041,31,Male,Hyderabad,Regular,2022-11-17
CUST01042,Customer 01042,46,Male,Chennai,Regular,2024-06-12
CUST01043,Customer 01043,36,Male,Mumbai,Regular,2023-08-29
CUST01044,Customer 01044,36,Female,Hyderabad,Regular,2025-05-08
CUST01045,Customer 01045,19,Female,Kolkata,New,2025-12-29
CUST01046,Customer 01046,58,Other,Hyderabad,Regular,2022-11-13
CUST01047,Customer 01047,32,Male,Mumbai,New,2025-09-26
CUST01048,Customer 01048,20,Male,Delhi,Regular,2024-01-19
CUST01049,Customer 01049,28,Male,Kolkata,Regular,2022-08-23
CUST01050,Customer 01050,47,Male,Delhi,Regular,2024-10-12
CUST01051,Customer 01051,57,Male,Kolkata,Regular,2024-08-27
CUST01052,Customer 01052,35,Female,Bengaluru,Regular,2024-04-25
CUST01053,Customer 01053,19,Female,Jaipur,New,2023-09-23
CUST01054,Customer 01054,49,Other,Chennai,Regular,2023-05-14
CUST01055,Customer 01055,25,Male,Jaipur,Regular,2022-06-23
CUST01056,Customer 01056,39,Female,Mumbai,New,2023-01-15
CUST01057,Customer 01057,23,Male,Chennai,Regular,2025-08-21
CUST01058,Customer 01058,29,Male,Bengaluru,Regular,2025-02-11
CUST01059,Customer 01059,57,Female,Bengaluru,Regular,2023-10-26
CUST01060,Customer 01060,53,Female,Hyderabad,Regular,2025-03-31
CUST01061,Customer 01061,32,Male,Kolkata,Regular,2023-05-04
CUST01062,Customer 01062,45,Male,Jaipur,Regular,2022-03-06
CUST01063,Customer 01063,35,Male,Chennai,Regular,2025-07-20
CUST01064,Customer 01064,19,Female,Bengaluru,Regular,2024-09-23
CUST01065,Customer 01065,30,Male,Bengaluru,Regular,2023-02-25
CUST01066,Customer 01066,32,Other,Pune,New,2024-09-21
CUST01067,Customer 01067,37,Male,Mumbai,New,2024-09-22
CUST01068,Customer 01068,46,Male,Delhi,Regular,2025-08-29
CUST01069,Customer 01069,59,Female,Mumbai,Premium,2022-01-01
CUST01070,Customer 01070,46,Female,Mumbai,Regular,2024-05-20
CUST01071,Customer 01071,20,Male,Mumbai,New,2023-09-12
CUST01072,Customer 01072,36,Female,Mumbai,Premium,2023-10-01
CUST01073,Customer 01073,20,Female,Delhi,Regular,2024-11-06
CUST01074,Customer 01074,31,Female,Delhi,Regular,2025-08-20
CUST01075,Customer 01075,57,Female,Jaipur,Premium,2023-10-20
CUST01076,Customer 01076,21,Female,Bengaluru,Regular,2025-06-19
CUST01077,Customer 01077,28,Female,Bengaluru,Regular,2023-04-30
CUST01078,Customer 01078,48,Female,Pune,Regular,2023-07-28
CUST01079,Customer 01079,60,Male,Delhi,Regular,2022-09-29
CUST01080,Customer 01080,49,Male,Jaipur,Regular,2022-01-19
CUST01081,Customer 01081,44,Male,Chennai,Regular,2023-12-20
CUST01082,Customer 01082,47,Male,Delhi,Premium,2024-08-07
CUST01083,Customer 01083,60,Male,Bengaluru,Premium,2024-04-03
CUST01084,Customer 01084,19,Female,Kolkata,Premium,2022-05-14
CUST01085,Customer 01085,26,Male,Jaipur,Regular,2023-06-14
CUST01086,Customer 01086,45,Male,Bengaluru,Premium,2024-03-03
CUST01087,Customer 01087,48,Female,Hyderabad,New,2025-08-28
CUST01088,Customer 01088,51,Male,Delhi,Regular,2023-11-20
CUST01089,Customer 01089,32,Male,Jaipur,Regular,2022-09-30
CUST01090,Customer 01090,42,Male,Mumbai,Premium,2025-11-19
CUST01091,Customer 01091,53,Male,Jaipur,Regular,2023-09-08
CUST01092,Customer 01092,25,Male,Hyderabad,Regular,2022-01-06
CUST01093,Customer 01093,26,Female,Hyderabad,New,2025-10-05
CUST01094,Customer 01094,54,Female,Bengaluru,Regular,2024-10-29
CUST01095,Customer 01095,56,Male,Mumbai,Regular,2024-09-03
CUST01096,Customer 01096,49,Male,Delhi,New,2024-08-22
CUST01097,Customer 01097,34,Male,Mumbai,Regular,2024-11-02
CUST01098,Customer 01098,52,Female,Delhi,Regular,2025-04-25
CUST01099,Customer 01099,54,Male,Chennai,Regular,2022-11-12
CUST01100,Customer 01100,36,Male,Mumbai,Regular,2024-07-04
CUST01101,Customer 01101,46,Female,Delhi,Regular,2025-02-15
CUST01102,Customer 01102,24,Male,Jaipur,Regular,2025-05-07
CUST01103,Customer 01103,45,Male,Kolkata,New,2025-05-30
CUST01104,Customer 01104,26,Male,Jaipur,Regular,2022-08-06
CUST01105,Customer 01105,45,Female,Jaipur,Regular,2024-09-10
CUST01106,Customer 01106,23,Female,Delhi,Regular,2025-05-04
CUST01107,Customer 01107,46,Female,Bengaluru,Regular,2022-04-19
CUST01108,Customer 01108,34,Female,Chennai,Regular,2025-04-29
CUST01109,Customer 01109,33,Female,Pune,Premium,2023-04-04
CUST01110,Customer 01110,40,Other,Delhi,Regular,2023-06-06
CUST01111,Customer 01111,48,Female,Chennai,Regular,2023-06-30
CUST01112,Customer 01112,20,Male,Mumbai,New,2024-07-07
CUST01113,Customer 01113,38,Female,Mumbai,Premium,2025-01-24
CUST01114,Customer 01114,43,Male,Hyderabad,Regular,2022-02-16
CUST01115,Customer 01115,53,Male,Hyderabad,Regular,2025-01-25
CUST01116,Customer 01116,59,Female,Hyderabad,Regular,2023-02-03
CUST01117,Customer 01117,54,Male,Delhi,Regular,2025-01-02
CUST01118,Customer 01118,39,Female,Kolkata,Regular,2023-03-01
CUST01119,Customer 01119,59,Male,Mumbai,Regular,2023-12-08
CUST01120,Customer 01120,29,Female,Delhi,Regular,2025-03-19
CUST01121,Customer 01121,59,Female,Kolkata,Regular,2024-11-17
CUST01122,Customer 01122,30,Female,Jaipur,Regular,2022-12-17
CUST01123,Customer 01123,28,Male,Kolkata,Regular,2023-09-24
CUST01124,Customer 01124,33,Male,Chennai,Regular,2025-08-15
CUST01125,Customer 01125,25,Female,Pune,Premium,2023-10-27
CUST01126,Customer 01126,57,Male,Hyderabad,Regular,2024-08-22
CUST01127,Customer 01127,57,Female,Delhi,Regular,2024-08-23
CUST01128,Customer 01128,19,Female,Bengaluru,Regular,2025-10-31
CUST01129,Customer 01129,47,Male,Mumbai,Regular,2023-10-19
CUST01130,Customer 01130,47,Male,Mumbai,Premium,2023-04-11
CUST01131,Customer 01131,29,Male,Pune,Regular,2022-03-02
CUST01132,Customer 01132,27,Female,Bengaluru,New,2022-11-20
CUST01133,Customer 01133,28,Male,Delhi,Premium,2025-03-19
CUST01134,Customer 01134,32,Male,Mumbai,Regular,2023-09-14
CUST01135,Customer 01135,33,Male,Pune,Premium,2023-10-27
CUST01136,Customer 01136,34,Female,Delhi,Regular,2024-09-08
CUST01137,Customer 01137,43,Male,Kolkata,Premium,2023-08-10
CUST01138,Customer 01138,19,Male,Bengaluru,New,2022-11-28
CUST01139,Customer 01139,29,Female,Bengaluru,Regular,2023-08-22
CUST01140,Customer 01140,43,Female,Hyderabad,Premium,2023-07-04
CUST01141,Customer 01141,40,Female,Chennai,Regular,2025-10-31
CUST01142,Customer 01142,35,Male,Mumbai,New,2025-12-19
CUST01143,Customer 01143,49,Male,Pune,Regular,2025-03-12
CUST01144,Customer 01144,55,Female,Hyderabad,Premium,2024-02-19
CUST01145,Customer 01145,20,Male,Mumbai,New,2022-10-23
CUST01146,Customer 01146,55,Female,Kolkata,Premium,2025-11-17
CUST01147,Customer 01147,20,Female,Chennai,Regular,2025-01-18
CUST01148,Customer 01148,47,Male,Pune,Regular,2025-01-06
CUST01149,Customer 01149,18,Female,Kolkata,Premium,2025-06-28
CUST01150,Customer 01150,47,Female,Kolkata,Regular,2023-12-18
CUST01151,Customer 01151,49,Male,Pune,New,2024-02-02
CUST01152,Customer 01152,45,Female,Chennai,Regular,2022-06-11
CUST01153,Customer 01153,38,Male,Pune,Regular,2024-10-10
CUST01154,Customer 01154,30,Male,Pune,Regular,2022-06-27
CUST01155,Customer 01155,44,Male,Hyderabad,Regular,2023-10-25
CUST01156,Customer 01156,53,Female,Chennai,Regular,2024-07-15
CUST01157,Customer 01157,24,Female,Delhi,Regular,2022-07-30
CUST01158,Customer 01158,39,Female,Kolkata,Regular,2022-08-21
CUST01159,Customer 01159,27,Male,Kolkata,New,2025-04-20
CUST01160,Customer 01160,56,Female,Delhi,New,2023-06-21
CUST01161,Customer 01161,32,Male,Chennai,Premium,2024-11-30
CUST01162,Customer 01162,32,Female,Delhi,New,2025-09-29
CUST01163,Customer 01163,21,Male,Mumbai,Regular,2024-08-27
CUST01164,Customer 01164,49,Male,Pune,Regular,2025-07-11
CUST01165,Customer 01165,40,Male,Delhi,Regular,2023-01-16
CUST01166,Customer 01166,23,Female,Chennai,Premium,2025-06-28
CUST01167,Customer 01167,41,Male,Chennai,Regular,2024-12-17
CUST01168,Customer 01168,37,Female,Bengaluru,New,2025-08-25
CUST01169,Customer 01169,54,Male,Delhi,Regular,2023-09-06
CUST01170,Customer 01170,37,Male,Mumbai,Regular,2022-07-08
CUST01171,Customer 01171,29,Male,Hyderabad,Regular,2025-04-14
CUST01172,Customer 01172,50,Female,Jaipur,Regular,2025-06-24
CUST01173,Customer 01173,45,Female,Hyderabad,Premium,2025-04-14
CUST01174,Customer 01174,25,Male,Mumbai,Premium,2025-04-12
CUST01175,Customer 01175,18,Male,Hyderabad,Regular,2024-01-25
CUST01176,Customer 01176,54,Male,Hyderabad,Regular,2023-04-05
CUST01177,Customer 01177,39,Female,Chennai,Regular,2024-11-15
CUST01178,Customer 01178,23,Male,Delhi,Premium,2024-08-07
CUST01179,Customer 01179,38,Female,Chennai,Premium,2023-01-22
CUST01180,Customer 01180,49,Female,Hyderabad,Regular,2022-07-23
CUST01181,Customer 01181,52,Male,Jaipur,Regular,2025-06-14
CUST01182,Customer 01182,32,Female,Mumbai,Regular,2023-05-29
CUST01183,Customer 01183,22,Female,Hyderabad,New,2024-02-12
CUST01184,Customer 01184,23,Female,Jaipur,New,2023-03-23
CUST01185,Customer 01185,42,Male,Delhi,Regular,2022-09-17
CUST01186,Customer 01186,57,Male,Jaipur,Regular,2025-04-20
CUST01187,Customer 01187,46,Male,Pune,New,2024-06-17
CUST01188,Customer 01188,24,Male,Delhi,Regular,2023-05-25
CUST01189,Customer 01189,57,Male,Mumbai,Regular,2025-12-25
CUST01190,Customer 01190,30,Male,Pune,Regular,2023-04-21
CUST01191,Customer 01191,55,Female,Delhi,Regular,2025-04-09
CUST01192,Customer 01192,35,Male,Hyderabad,New,2025-11-17
CUST01193,Customer 01193,19,Male,Mumbai,Regular,2024-04-16
CUST01194,Customer 01194,25,Male,Hyderabad,Regular,2023-12-07
CUST01195,Customer 01195,28,Female,Delhi,Regular,2025-01-15
CUST01196,Customer 01196,50,Female,Kolkata,New,2023-06-15
CUST01197,Customer 01197,55,Female,Jaipur,Regular,2024-09-20
CUST01198,Customer 01198,44,Male,Jaipur,New,2025-12-19
CUST01199,Customer 01199,37,Other,Pune,Regular,2025-05-28
CUST01200,Customer 01200,29,Male,Delhi,Regular,2024-02-16
CUST01201,Customer 01201,60,Male,Chennai,New,2024-01-20
CUST01202,Customer 01202,48,Male,Delhi,Regular,2022-01-25
CUST01203,Customer 01203,44,Male,Delhi,New,2023-03-09
CUST01204,Customer 01204,49,Male,Mumbai,Regular,2025-04-03
CUST01205,Customer 01205,27,Female,Bengaluru,Regular,2022-09-24
CUST01206,Customer 01206,20,Female,Chennai,Regular,2025-10-03
CUST01207,Customer 01207,44,Male,Pune,Regular,2023-03-19
CUST01208,Customer 01208,52,Female,Bengaluru,Premium,2022-02-18
CUST01209,Customer 01209,48,Male,Mumbai,Regular,2024-12-08
CUST01210,Customer 01210,32,Male,Jaipur,Regular,2023-03-31
CUST01211,Customer 01211,33,Female,Bengaluru,Regular,2022-12-31
CUST01212,Customer 01212,30,Female,Bengaluru,Premium,2023-01-15
CUST01213,Customer 01213,52,Male,Delhi,Regular,2025-10-01
CUST01214,Customer 01214,28,Male,Chennai,Regular,2023-06-13
CUST01215,Customer 01215,38,Female,Pune,Premium,2024-12-06
CUST01216,Customer 01216,28,Female,Mumbai,Regular,2022-03-02
CUST01217,Customer 01217,47,Female,Delhi,Premium,2023-11-04
CUST01218,Customer 01218,52,Male,Pune,Premium,2022-04-06
CUST01219,Customer 01219,39,Male,Pune,New,2025-07-19
CUST01220,Customer 01220,55,Male,Mumbai,Regular,2022-12-06
CUST01221,Customer 01221,48,Male,Jaipur,Regular,2024-06-30
CUST01222,Customer 01222,31,Female,Delhi,Regular,2023-05-13
CUST01223,Customer 01223,41,Male,Bengaluru,Regular,2024-09-17
CUST01224,Customer 01224,49,Male,Jaipur,Regular,2022-08-24
CUST01225,Customer 01225,53,Female,Bengaluru,Regular,2025-04-21
CUST01226,Customer 01226,49,Female,Hyderabad,New,2025-03-11
CUST01227,Customer 01227,32,Male,Bengaluru,Regular,2025-03-06
CUST01228,Customer 01228,60,Female,Mumbai,New,2022-02-23
CUST01229,Customer 01229,52,Female,Jaipur,New,2024-09-30
CUST01230,Customer 01230,20,Female,Bengaluru,Regular,2023-03-18
CUST01231,Customer 01231,33,Male,Kolkata,Regular,2024-03-23
CUST01232,Customer 01232,22,Female,Mumbai,Regular,2025-10-07
CUST01233,Customer 01233,38,Female,Delhi,New,2023-08-31
CUST01234,Customer 01234,27,Male,Delhi,Premium,2022-04-29
CUST01235,Customer 01235,36,Male,Pune,Regular,2025-12-23
CUST01236,Customer 01236,42,Female,Mumbai,Regular,2025-09-30
CUST01237,Customer 01237,21,Male,Kolkata,Regular,2022-08-13
CUST01238,Customer 01238,46,Female,Bengaluru,Regular,2024-02-29
CUST01239,Customer 01239,36,Male,Jaipur,Regular,2023-06-03
CUST01240,Customer 01240,60,Male,Delhi,New,2024-07-06
CUST01241,Customer 01241,19,Male,Kolkata,New,2025-05-16
CUST01242,Customer 01242,27,Female,Chennai,Premium,2023-03-10
CUST01243,Customer 01243,60,Male,Chennai,Regular,2024-11-11
CUST01244,Customer 01244,42,Female,Kolkata,Regular,2022-03-23
CUST01245,Customer 01245,37,Female,Chennai,Premium,2025-11-25
CUST01246,Customer 01246,36,Female,Hyderabad,Regular,2024-12-26
CUST01247,Customer 01247,40,Female,Delhi,Regular,2023-07-20
CUST01248,Customer 01248,41,Female,Delhi,Regular,2024-08-18
CUST01249,Customer 01249,28,Male,Jaipur,New,2023-04-06
CUST01250,Customer 01250,51,Female,Hyderabad,Regular,2023-05-15
CUST01251,Customer 01251,45,Female,Chennai,Regular,2022-02-02
CUST01252,Customer 01252,22,Male,Bengaluru,Regular,2025-04-04
CUST01253,Customer 01253,22,Male,Delhi,Premium,2023-01-07
CUST01254,Customer 01254,38,Female,Delhi,Premium,2025-04-28
CUST01255,Customer 01255,29,Male,Pune,Premium,2025-01-21
CUST01256,Customer 01256,21,Female,Bengaluru,Regular,2023-06-09
CUST01257,Customer 01257,59,Male,Delhi,Regular,2022-11-29
CUST01258,Customer 01258,37,Male,Bengaluru,Regular,2022-04-13
CUST01259,Customer 01259,55,Female,Delhi,Regular,2023-09-02
CUST01260,Customer 01260,42,Male,Hyderabad,Premium,2022-01-11
CUST01261,Customer 01261,31,Male,Mumbai,Regular,2025-08-22
CUST01262,Customer 01262,28,Female,Chennai,Premium,2025-04-01
CUST01263,Customer 01263,49,Male,Mumbai,Regular,2025-08-31
CUST01264,Customer 01264,28,Female,Bengaluru,Premium,2023-08-12
CUST01265,Customer 01265,35,Female,Delhi,Premium,2022-06-11
CUST01266,Customer 01266,44,Female,Delhi,Regular,2022-12-25
CUST01267,Customer 01267,35,Male,Bengaluru,New,2025-08-16
CUST01268,Customer 01268,40,Male,Bengaluru,New,2024-07-03
CUST01269,Customer 01269,28,Female,Hyderabad,Regular,2024-03-26
CUST01270,Customer 01270,38,Female,Mumbai,Regular,2023-09-30
CUST01271,Customer 01271,22,Female,Pune,Regular,2022-04-28
CUST01272,Customer 01272,40,Female,Kolkata,Premium,2022-11-26
CUST01273,Customer 01273,58,Male,Chennai,Regular,2024-02-04
CUST01274,Customer 01274,42,Male,Delhi,New,2022-10-23
CUST01275,Customer 01275,58,Male,Bengaluru,New,2024-07-02
CUST01276,Customer 01276,27,Male,Delhi,New,2025-04-03
CUST01277,Customer 01277,39,Male,Mumbai,Regular,2022-09-29
CUST01278,Customer 01278,12,Female,Jaipur,Regular,2024-07-20
CUST01279,Customer 01279,18,Male,Delhi,New,2022-10-27
CUST01280,Customer 01280,24,Male,Bengaluru,Regular,2022-06-23
CUST01281,Customer 01281,21,Male,Hyderabad,New,2025-03-30
CUST01282,Customer 01282,18,Female,Pune,Regular,2023-02-25
CUST01283,Customer 01283,32,Female,Hyderabad,Regular,2023-12-12
CUST01284,Customer 01284,57,Female,Delhi,Regular,2023-04-27
CUST01285,Customer 01285,29,Female,Mumbai,Regular,2023-08-20
CUST01286,Customer 01286,39,Male,Bengaluru,Premium,2024-07-04
CUST01287,Customer 01287,39,Female,Delhi,Regular,2024-12-07
CUST01288,Customer 01288,34,Male,Mumbai,Regular,2024-12-25
CUST01289,Customer 01289,46,Male,Delhi,Regular,2022-01-31
CUST01290,Customer 01290,31,Female,Delhi,Regular,2024-03-19
CUST01291,Customer 01291,37,Female,Bengaluru,Premium,2023-08-25
CUST01292,Customer 01292,50,Male,Delhi,Regular,2025-02-12
CUST01293,Customer 01293,60,Male,Hyderabad,Regular,2024-03-31
CUST01294,Customer 01294,32,Female,Pune,New,2022-07-04
CUST01295,Customer 01295,29,Male,Chennai,Regular,2025-05-16
CUST01296,Customer 01296,57,Male,Delhi,Regular,2024-06-14
CUST01297,Customer 01297,37,Male,Delhi,New,2025-03-06
CUST01298,Customer 01298,47,Male,Delhi,Regular,2024-10-12
CUST01299,Customer 01299,55,Female,Hyderabad,Regular,2022-01-06
CUST01300,Customer 01300,20,Male,Pune,New,2024-06-06
CUST01301,Customer 01301,45,Male,Delhi,Regular,2024-09-24
CUST01302,Customer 01302,43,Female,Jaipur,Regular,2024-01-04
CUST01303,Customer 01303,47,Female,Delhi,New,2022-11-26
CUST01304,Customer 01304,30,Male,Hyderabad,Regular,2025-02-12
CUST01305,Customer 01305,30,Male,Pune,Regular,2022-03-29
CUST01306,Customer 01306,19,Male,Kolkata,Regular,2023-09-09
CUST01307,Customer 01307,54,Female,Pune,Regular,2022-01-08
CUST01308,Customer 01308,55,Female,Chennai,Regular,2023-09-09
CUST01309,Customer 01309,19,Female,Mumbai,Regular,2024-08-18
CUST01310,Customer 01310,53,Female,Chennai,Premium,2025-05-26
CUST01311,Customer 01311,43,Female,Delhi,Regular,2022-04-06
CUST01312,Customer 01312,28,Female,Kolkata,New,2024-11-13
CUST01313,Customer 01313,25,Female,Hyderabad,Regular,2024-10-15
CUST01314,Customer 01314,57,Male,Chennai,Premium,2023-01-06
CUST01315,Customer 01315,60,Other,Bengaluru,New,2022-09-24
CUST01316,Customer 01316,39,Male,Hyderabad,Premium,2022-09-02
CUST01317,Customer 01317,37,Male,Bengaluru,Premium,2024-02-09
CUST01318,Customer 01318,25,Female,Pune,New,2024-07-20
CUST01319,Customer 01319,46,Male,Delhi,Premium,2022-05-29
CUST01320,Customer 01320,57,Female,Delhi,Regular,2023-09-10
CUST01321,Customer 01321,43,Female,Mumbai,Premium,2023-12-13
CUST01322,Customer 01322,47,Male,Delhi,Regular,2025-11-30
CUST01323,Customer 01323,34,Female,Kolkata,Regular,2025-06-19
CUST01324,Customer 01324,37,Male,Delhi,Regular,2023-06-16
CUST01325,Customer 01325,33,Male,Jaipur,Regular,2022-09-17
CUST01326,Customer 01326,60,Female,Mumbai,New,2025-09-19
CUST01327,Customer 01327,24,Female,Delhi,Regular,2024-12-04
CUST01328,Customer 01328,33,Female,Chennai,New,2024-07-18
CUST01329,Customer 01329,44,Male,Pune,Regular,2024-12-12
CUST01330,Customer 01330,40,Female,Bengaluru,Regular,2023-01-27
CUST01331,Customer 01331,41,Male,Hyderabad,Regular,2025-04-19
CUST01332,Customer 01332,26,Female,Pune,Regular,2022-01-17
CUST01333,Customer 01333,52,Male,Mumbai,New,2023-11-23
CUST01334,Customer 01334,37,Female,Jaipur,New,2024-03-19
CUST01335,Customer 01335,54,Male,Jaipur,New,2022-01-20
CUST01336,Customer 01336,59,Male,Pune,Regular,2022-11-09
CUST01337,Customer 01337,34,Female,Delhi,Premium,2022-01-13
CUST01338,Customer 01338,48,Female,Pune,New,2022-02-14
CUST01339,Customer 01339,25,Female,Delhi,Premium,2023-09-09
CUST01340,Customer 01340,32,Female,Delhi,Regular,2022-12-05
CUST01341,Customer 01341,48,Female,Mumbai,Regular,2024-02-08
CUST01342,Customer 01342,47,Female,Bengaluru,Regular,2024-06-26
CUST01343,Customer 01343,37,Male,Kolkata,Premium,2023-03-08
CUST01344,Customer 01344,56,Female,Pune,New,2025-02-15
CUST01345,Customer 01345,29,Male,Pune,Regular,2023-07-30
CUST01346,Customer 01346,34,Female,Bengaluru,Regular,2024-04-27
CUST01347,Customer 01347,59,Female,Mumbai,Regular,2024-01-22
CUST01348,Customer 01348,47,Female,Mumbai,Premium,2022-05-02
CUST01349,Customer 01349,46,Female,Jaipur,New,2023-02-22
CUST01350,Customer 01350,36,Female,Delhi,Regular,2025-12-01
CUST01351,Customer 01351,28,Female,Kolkata,Regular,2024-09-17
CUST01352,Customer 01352,51,Male,Hyderabad,Regular,2022-11-17
CUST01353,Customer 01353,24,Female,Bengaluru,Regular,2022-05-31
CUST01354,Customer 01354,51,Male,Pune,Regular,2025-03-12
CUST01355,Customer 01355,37,Female,Bengaluru,Premium,2023-10-02
CUST01356,Customer 01356,55,Male,Kolkata,Regular,2023-05-03
CUST01357,Customer 01357,41,Male,Kolkata,Premium,2025-02-19
CUST01358,Customer 01358,27,Male,Bengaluru,Regular,2023-09-19
CUST01359,Customer 01359,49,Male,Mumbai,New,2022-10-13
CUST01360,Customer 01360,32,Female,Hyderabad,New,2025-12-24
CUST01361,Customer 01361,54,Male,Kolkata,New,2024-04-04
CUST01362,Customer 01362,37,Female,Delhi,Regular,2025-05-03
CUST01363,Customer 01363,20,Male,Hyderabad,Regular,2025-12-01
CUST01364,Customer 01364,54,Female,Hyderabad,Regular,2025-05-18
CUST01365,Customer 01365,57,Female,Pune,Regular,2022-03-07
CUST01366,Customer 01366,25,Female,Delhi,New,2022-04-17
CUST01367,Customer 01367,57,Female,Pune,Regular,2024-11-25
CUST01368,Customer 01368,40,Male,Kolkata,Regular,2024-04-06
CUST01369,Customer 01369,57,Female,Delhi,Regular,2022-12-17
CUST01370,Customer 01370,28,Male,Mumbai,New,2022-06-16
CUST01371,Customer 01371,25,Female,Jaipur,New,2023-10-27
CUST01372,Customer 01372,46,Female,Delhi,Premium,2024-05-05
CUST01373,Customer 01373,47,Male,Kolkata,Regular,2022-07-16
CUST01374,Customer 01374,27,Female,Bengaluru,New,2022-08-09
CUST01375,Customer 01375,56,Female,Mumbai,Regular,2022-10-14
CUST01376,Customer 01376,45,Male,Kolkata,Regular,2025-12-08
CUST01377,Customer 01377,53,Male,Bengaluru,Regular,2024-06-21
CUST01378,Customer 01378,30,Male,Bengaluru,Regular,2023-03-14
CUST01379,Customer 01379,49,Female,Mumbai,New,2023-10-22
CUST01380,Customer 01380,53,Female,Hyderabad,Regular,2023-11-26
CUST01381,Customer 01381,54,Male,Delhi,Regular,2023-01-22
CUST01382,Customer 01382,43,Male,Bengaluru,Regular,2024-01-27
CUST01383,Customer 01383,39,Female,Jaipur,Regular,2022-02-03
CUST01384,Customer 01384,21,Female,Mumbai,Regular,2023-11-03
CUST01385,Customer 01385,48,Male,Pune,Regular,2022-10-03
CUST01386,Customer 01386,35,Male,Mumbai,Regular,2022-04-04
CUST01387,Customer 01387,55,Female,Chennai,Regular,2024-07-03
CUST01388,Customer 01388,41,Male,Delhi,New,2023-10-03
CUST01389,Customer 01389,40,Male,Jaipur,Regular,2025-05-26
CUST01390,Customer 01390,39,Female,Bengaluru,New,2024-08-29
CUST01391,Customer 01391,19,Female,Mumbai,New,2024-04-19
CUST01392,Customer 01392,48,Male,Delhi,Regular,2024-02-18
CUST01393,Customer 01393,28,Male,Delhi,Regular,2022-11-22
CUST01394,Customer 01394,45,Male,Bengaluru,Regular,2024-03-10
CUST01395,Customer 01395,49,Male,Mumbai,Regular,2024-04-05
CUST01396,Customer 01396,22,Female,Chennai,Regular,2023-02-20
CUST01397,Customer 01397,55,Male,Bengaluru,Regular,2024-01-24
CUST01398,Customer 01398,27,Female,Mumbai,Regular,2022-03-10
CUST01399,Customer 01399,57,Female,Hyderabad,Regular,2022-09-01
CUST01400,Customer 01400,41,Male,Pune,Premium,2022-03-20
CUST01401,Customer 01401,52,Male,Delhi,New,2023-02-17
CUST01402,Customer 01402,40,Female,Delhi,Premium,2024-01-31
CUST01403,Customer 01403,34,Female,Delhi,Premium,2025-10-22
CUST01404,Customer 01404,18,Female,Pune,Regular,2023-03-05
CUST01405,Customer 01405,48,Male,Pune,Premium,2024-01-03
CUST01406,Customer 01406,48,Female,Bengaluru,Regular,2022-03-30
CUST01407,Customer 01407,59,Female,Kolkata,New,2022-10-17
CUST01408,Customer 01408,59,Female,Chennai,Regular,2024-03-07
CUST01409,Customer 01409,51,Male,Hyderabad,New,2025-05-12
CUST01410,Customer 01410,26,Female,Kolkata,Regular,2025-07-25
CUST01411,Customer 01411,39,Female,Delhi,Regular,2022-03-20
CUST01412,Customer 01412,30,Male,Delhi,Regular,2022-04-09
CUST01413,Customer 01413,42,Female,Mumbai,Regular,2024-04-20
CUST01414,Customer 01414,35,Male,Delhi,Regular,2023-04-16
CUST01415,Customer 01415,29,Male,Hyderabad,Premium,2023-01-04
CUST01416,Customer 01416,57,Male,Jaipur,New,2024-05-05
CUST01417,Customer 01417,34,Female,Delhi,Regular,2023-06-09
CUST01418,Customer 01418,32,Male,Delhi,New,2025-08-28
CUST01419,Customer 01419,59,Male,Bengaluru,Regular,2024-08-06
CUST01420,Customer 01420,32,Female,Jaipur,New,2025-08-01
CUST01421,Customer 01421,32,Male,Mumbai,Regular,2022-12-25
CUST01422,Customer 01422,56,Female,Bengaluru,Regular,2023-10-17
CUST01423,Customer 01423,30,Female,Delhi,New,2022-04-15
CUST01424,Customer 01424,34,Female,Delhi,Premium,2022-02-25
CUST01425,Customer 01425,49,Female,Jaipur,New,2022-07-17
CUST01426,Customer 01426,26,Female,Jaipur,Regular,2024-08-13
CUST01427,Customer 01427,57,Male,Delhi,New,2025-09-25
CUST01428,Customer 01428,37,Female,Jaipur,Regular,2024-03-23
CUST01429,Customer 01429,43,Male,Hyderabad,Regular,2024-10-30
CUST01430,Customer 01430,44,Female,Kolkata,Regular,2022-01-09
CUST01431,Customer 01431,38,Male,Bengaluru,New,2022-08-04
CUST01432,Customer 01432,35,Female,Bengaluru,Regular,2022-08-29
CUST01433,Customer 01433,30,Female,Bengaluru,Regular,2022-10-30
CUST01434,Customer 01434,33,Female,Pune,Regular,2025-03-23
CUST01435,Customer 01435,26,Male,Delhi,Regular,2022-08-10
CUST01436,Customer 01436,29,Male,Delhi,Regular,2025-04-20
CUST01437,Customer 01437,55,Female,Mumbai,Regular,2022-01-25
CUST01438,Customer 01438,36,Female,Pune,Regular,2024-12-07
CUST01439,Customer 01439,24,Male,Delhi,New,2022-11-09
CUST01440,Customer 01440,52,Female,Pune,Regular,2022-07-04
CUST01441,Customer 01441,35,Female,Jaipur,Regular,2025-11-14
CUST01442,Customer 01442,33,Male,Delhi,Regular,2022-03-02
CUST01443,Customer 01443,56,Female,Pune,Regular,2023-12-12
CUST01444,Customer 01444,21,Female,Bengaluru,Premium,2023-01-12
CUST01445,Customer 01445,42,Male,Kolkata,New,2022-05-09
CUST01446,Customer 01446,49,Male,Delhi,Regular,2023-11-03
CUST01447,Customer 01447,57,Female,Pune,Regular,2023-06-01
CUST01448,Customer 01448,30,Female,Chennai,Regular,2025-09-22
CUST01449,Customer 01449,85,Male,Jaipur,Regular,2024-09-28
CUST01450,Customer 01450,54,Female,Pune,Regular,2024-04-12
CUST01451,Customer 01451,23,Female,Bengaluru,New,2024-09-07
CUST01452,Customer 01452,36,Female,Hyderabad,Regular,2022-01-24
CUST01453,Customer 01453,30,Male,Kolkata,Regular,2025-10-13
CUST01454,Customer 01454,43,Female,Hyderabad,New,2022-11-17
CUST01455,Customer 01455,31,Male,Delhi,Regular,2025-12-25
CUST01456,Customer 01456,48,Male,Jaipur,Regular,2022-09-26
CUST01457,Customer 01457,21,Male,Pune,Regular,2024-12-06
CUST01458,Customer 01458,56,Female,Pune,Regular,2022-12-16
CUST01459,Customer 01459,25,Female,Delhi,Regular,2023-02-17
CUST01460,Customer 01460,42,Male,Pune,Regular,2025-02-10
CUST01461,Customer 01461,30,Female,Bengaluru,New,2022-11-30
CUST01462,Customer 01462,49,Male,Pune,Regular,2023-03-28
CUST01463,Customer 01463,55,Male,Delhi,Regular,2025-08-23
CUST01464,Customer 01464,55,Other,Pune,Premium,2023-11-11
CUST01465,Customer 01465,45,Female,Jaipur,New,2023-09-28
CUST01466,Customer 01466,47,Male,Delhi,Regular,2022-05-06
CUST01467,Customer 01467,20,Female,Jaipur,Regular,2025-02-15
CUST01468,Customer 01468,45,Male,Bengaluru,Regular,2022-09-22
CUST01469,Customer 01469,20,Male,Kolkata,New,2024-03-01
CUST01470,Customer 01470,51,Female,Chennai,Regular,2022-06-24
CUST01471,Customer 01471,85,Female,Hyderabad,Regular,2024-12-09
CUST01472,Customer 01472,39,Male,Pune,Regular,2024-07-08
CUST01473,Customer 01473,49,Female,Kolkata,Regular,2022-09-24
CUST01474,Customer 01474,55,Female,Bengaluru,Regular,2023-12-27
CUST01475,Customer 01475,25,Male,Mumbai,Regular,2024-03-08
CUST01476,Customer 01476,25,Female,Pune,Regular,2025-12-30
CUST01477,Customer 01477,23,Female,Chennai,Premium,2024-08-05
CUST01478,Customer 01478,31,Female,Chennai,Premium,2024-04-27
CUST01479,Customer 01479,49,Female,Chennai,Regular,2024-08-15
CUST01480,Customer 01480,52,Female,Bengaluru,Regular,2025-07-21
CUST01481,Customer 01481,27,Male,Chennai,Premium,2022-05-25
CUST01482,Customer 01482,20,Female,Delhi,Regular,2025-09-20
CUST01483,Customer 01483,29,Female,Hyderabad,Regular,2024-11-10
CUST01484,Customer 01484,48,Male,Delhi,Regular,2022-09-26
CUST01485,Customer 01485,46,Female,Mumbai,Regular,2022-06-08
CUST01486,Customer 01486,22,Female,Mumbai,Regular,2023-03-13
CUST01487,Customer 01487,42,Female,Bengaluru,Regular,2023-02-18
CUST01488,Customer 01488,58,Male,Pune,Regular,2022-12-21
CUST01489,Customer 01489,48,Male,Bengaluru,Regular,2022-07-26
CUST01490,Customer 01490,38,Female,Bengaluru,Regular,2024-10-19
CUST01491,Customer 01491,37,Male,Mumbai,Regular,2023-05-24
CUST01492,Customer 01492,56,Female,Mumbai,Regular,2022-11-02
CUST01493,Customer 01493,39,Male,Mumbai,New,2025-04-18
CUST01494,Customer 01494,21,Male,Delhi,New,2022-09-24
CUST01495,Customer 01495,30,Male,Hyderabad,Regular,2022-12-20
CUST01496,Customer 01496,59,Male,Pune,Regular,2025-10-25
CUST01497,Customer 01497,37,Female,Hyderabad,Regular,2022-12-13
CUST01498,Customer 01498,30,Male,Bengaluru,New,2023-04-21
CUST01499,Customer 01499,34,Male,Mumbai,Premium,2023-10-07
CUST01500,Customer 01500,53,Male,Kolkata,Regular,2025-09-25
CUST01501,Customer 01501,50,Female,Bengaluru,Regular,2024-04-28
CUST01502,Customer 01502,18,Male,Bengaluru,Regular,2025-09-04
CUST01503,Customer 01503,32,Female,Delhi,Regular,2023-03-09
CUST01504,Customer 01504,30,Female,Mumbai,Regular,2023-02-13
CUST01505,Customer 01505,34,Female,Bengaluru,Regular,2025-12-19
CUST01506,Customer 01506,41,Female,Bengaluru,New,2022-03-12
CUST01507,Customer 01507,25,Female,Hyderabad,Regular,2023-01-22
CUST01508,Customer 01508,44,Female,Hyderabad,Regular,2022-07-10
CUST01509,Customer 01509,40,Male,Hyderabad,Regular,2024-08-20
CUST01510,Customer 01510,25,Male,Chennai,Regular,2024-10-09
CUST01511,Customer 01511,25,Male,Chennai,Regular,2022-01-28
CUST01512,Customer 01512,43,Female,Pune,New,2024-09-04
CUST01513,Customer 01513,30,Other,Jaipur,Premium,2022-09-30
CUST01514,Customer 01514,56,Female,Delhi,Premium,2022-02-03
CUST01515,Customer 01515,54,Male,Delhi,Regular,2025-01-18
CUST01516,Customer 01516,45,Female,Delhi,New,2025-06-24
CUST01517,Customer 01517,42,Male,Hyderabad,New,2022-06-24
CUST01518,Customer 01518,33,Male,Kolkata,New,2024-09-04
CUST01519,Customer 01519,19,Male,Mumbai,Regular,2025-10-06
CUST01520,Customer 01520,35,Male,Jaipur,Regular,2023-10-24
CUST01521,Customer 01521,34,Female,Delhi,Regular,2022-05-03
CUST01522,Customer 01522,47,Male,Jaipur,Regular,2024-02-01
CUST01523,Customer 01523,56,Male,Mumbai,Regular,2024-05-15
CUST01524,Customer 01524,30,Female,Delhi,Regular,2025-02-24
CUST01525,Customer 01525,49,Female,Bengaluru,New,2025-12-01
CUST01526,Customer 01526,46,Female,Mumbai,Regular,2024-05-10
CUST01527,Customer 01527,47,Male,Mumbai,Regular,2022-03-01
CUST01528,Customer 01528,35,Female,Mumbai,New,2024-04-12
CUST01529,Customer 01529,30,Female,Chennai,New,2024-04-17
CUST01530,Customer 01530,60,Male,Hyderabad,Premium,2024-09-11
CUST01531,Customer 01531,38,Female,Mumbai,Regular,2025-12-15
CUST01532,Customer 01532,47,Male,Hyderabad,Regular,2022-03-06
CUST01533,Customer 01533,38,Male,Pune,Regular,2025-04-14
CUST01534,Customer 01534,34,Female,Mumbai,Regular,2023-08-31
CUST01535,Customer 01535,57,Female,Bengaluru,Regular,2025-03-14
CUST01536,Customer 01536,36,Male,Delhi,New,2022-03-17
CUST01537,Customer 01537,32,Female,Delhi,Premium,2024-03-05
CUST01538,Customer 01538,26,Female,Pune,Regular,2025-03-01
CUST01539,Customer 01539,27,Female,Delhi,New,2024-04-27
CUST01540,Customer 01540,48,Male,Bengaluru,Regular,2023-12-07
CUST01541,Customer 01541,40,Female,Pune,Regular,2023-09-03
CUST01542,Customer 01542,47,Male,Delhi,Regular,2024-06-02
CUST01543,Customer 01543,50,Female,Hyderabad,Regular,2024-02-22
CUST01544,Customer 01544,26,Male,Mumbai,Regular,2025-08-01
CUST01545,Customer 01545,18,Male,Jaipur,Premium,2023-01-27
CUST01546,Customer 01546,52,Female,Bengaluru,New,2022-04-20
CUST01547,Customer 01547,28,Male,Chennai,Regular,2024-10-04
CUST01548,Customer 01548,51,Male,Hyderabad,Premium,2024-10-20
CUST01549,Customer 01549,33,Male,Delhi,New,2022-07-12
CUST01550,Customer 01550,26,Female,Hyderabad,Premium,2025-11-06
CUST01551,Customer 01551,49,Male,Jaipur,Premium,2024-02-04
CUST01552,Customer 01552,32,Female,Hyderabad,Premium,2025-07-05
CUST01553,Customer 01553,29,Male,Chennai,Regular,2022-12-02
CUST01554,Customer 01554,50,Male,Kolkata,Regular,2025-04-28
CUST01555,Customer 01555,31,Male,Mumbai,Regular,2025-01-04
CUST01556,Customer 01556,25,Female,Delhi,Premium,2023-05-22
CUST01557,Customer 01557,25,Male,Hyderabad,New,2023-07-17
CUST01558,Customer 01558,44,Male,Bengaluru,Regular,2022-01-02
CUST01559,Customer 01559,29,Female,Chennai,Regular,2025-11-22
CUST01560,Customer 01560,18,Female,Kolkata,New,2023-11-14
CUST01561,Customer 01561,60,Male,Mumbai,Regular,2025-04-07
CUST01562,Customer 01562,57,Male,Mumbai,Regular,2022-11-04
CUST01563,Customer 01563,59,Female,Chennai,Regular,2024-07-21
CUST01564,Customer 01564,28,Male,Mumbai,Regular,2024-10-14
CUST01565,Customer 01565,56,Male,Chennai,Premium,2023-12-20
CUST01566,Customer 01566,60,Female,Bengaluru,Regular,2023-02-19
CUST01567,Customer 01567,48,Female,Pune,Regular,2022-12-18
CUST01568,Customer 01568,34,Female,Delhi,Regular,2025-03-28
CUST01569,Customer 01569,50,Male,Hyderabad,Regular,2025-03-20
CUST01570,Customer 01570,49,Male,Bengaluru,Regular,2023-06-04
CUST01571,Customer 01571,46,Female,Hyderabad,Premium,2023-04-22
CUST01572,Customer 01572,38,Male,Delhi,Regular,2024-06-16
CUST01573,Customer 01573,38,Female,Pune,Regular,2025-09-14
CUST01574,Customer 01574,57,Female,Kolkata,New,2023-08-02
CUST01575,Customer 01575,40,Male,Delhi,Regular,2024-07-17
CUST01576,Customer 01576,23,Female,Delhi,Regular,2023-02-02
CUST01577,Customer 01577,39,Female,Delhi,New,2022-10-04
CUST01578,Customer 01578,55,Female,Hyderabad,Regular,2025-06-26
CUST01579,Customer 01579,54,Male,Hyderabad,Regular,2023-08-09
CUST01580,Customer 01580,25,Male,Hyderabad,New,2023-01-08
CUST01581,Customer 01581,58,Female,Mumbai,Regular,2023-07-04
CUST01582,Customer 01582,52,Male,Bengaluru,Regular,2025-05-02
CUST01583,Customer 01583,28,Other,Hyderabad,Regular,2025-05-26
CUST01584,Customer 01584,41,Male,Bengaluru,Premium,2024-03-28
CUST01585,Customer 01585,38,Female,Jaipur,Regular,2025-07-23
CUST01586,Customer 01586,19,Male,Delhi,Regular,2024-12-20
CUST01587,Customer 01587,57,Female,Pune,Premium,2024-10-31
CUST01588,Customer 01588,36,Male,Bengaluru,Regular,2024-01-02
CUST01589,Customer 01589,56,Male,Bengaluru,Regular,2023-04-10
CUST01590,Customer 01590,45,Male,Pune,New,2024-06-03
CUST01591,Customer 01591,34,Female,Pune,Regular,2025-08-22
CUST01592,Customer 01592,23,Male,Jaipur,Regular,2024-04-08
CUST01593,Customer 01593,36,Female,Delhi,Regular,2022-07-21
CUST01594,Customer 01594,55,Female,Delhi,Regular,2025-08-07
CUST01595,Customer 01595,45,Male,Pune,Regular,2023-02-27
CUST01596,Customer 01596,19,Female,Hyderabad,Premium,2023-12-18
CUST01597,Customer 01597,55,Male,Mumbai,Regular,2023-10-13
CUST01598,Customer 01598,54,Female,Delhi,New,2024-01-15
CUST01599,Customer 01599,21,Female,Delhi,Premium,2023-11-07
CUST01600,Customer 01600,39,Male,Kolkata,Regular,2022-02-22
CUST01601,Customer 01601,43,Male,Delhi,Regular,2022-08-11
CUST01602,Customer 01602,60,Male,Mumbai,Premium,2025-02-07
CUST01603,Customer 01603,53,Other,Mumbai,Regular,2022-08-19
CUST01604,Customer 01604,30,Male,Mumbai,Regular,2022-11-15
CUST01605,Customer 01605,49,Female,Delhi,Regular,2023-01-01
CUST01606,Customer 01606,34,Male,Bengaluru,Regular,2025-10-10
CUST01607,Customer 01607,58,Female,Delhi,Regular,2022-07-29
CUST01608,Customer 01608,53,Male,Chennai,Regular,2022-10-29
CUST01609,Customer 01609,36,Female,Mumbai,Regular,2022-09-11
CUST01610,Customer 01610,52,Female,Hyderabad,Regular,2024-03-13
CUST01611,Customer 01611,57,Female,Kolkata,New,2022-12-22
CUST01612,Customer 01612,45,Male,Pune,Regular,2023-01-31
CUST01613,Customer 01613,18,Male,Hyderabad,Regular,2025-05-02
CUST01614,Customer 01614,59,Male,Mumbai,Regular,2022-01-17
CUST01615,Customer 01615,35,Female,Mumbai,Regular,2023-05-27
CUST01616,Customer 01616,57,Male,Pune,Regular,2023-12-22
CUST01617,Customer 01617,50,Female,Jaipur,Regular,2023-12-22
CUST01618,Customer 01618,29,Male,Pune,Regular,2022-04-07
CUST01619,Customer 01619,25,Female,Hyderabad,Premium,2023-10-13
CUST01620,Customer 01620,41,Female,Pune,New,2022-07-02
CUST01621,Customer 01621,33,Female,Bengaluru,Premium,2024-03-04
CUST01622,Customer 01622,21,Male,Delhi,New,2024-08-30
CUST01623,Customer 01623,55,Male,Hyderabad,New,2022-09-01
CUST01624,Customer 01624,44,Male,Jaipur,Premium,2024-04-02
CUST01625,Customer 01625,26,Male,Delhi,Regular,2024-10-21
CUST01626,Customer 01626,33,Female,Pune,Regular,2022-10-29
CUST01627,Customer 01627,29,Female,Delhi,Regular,2024-08-21
CUST01628,Customer 01628,48,Female,Hyderabad,Premium,2022-03-10
CUST01629,Customer 01629,41,Male,Delhi,Premium,2022-11-13
CUST01630,Customer 01630,31,Female,Bengaluru,Regular,2023-11-12
CUST01631,Customer 01631,42,Female,Chennai,Regular,2023-07-04
CUST01632,Customer 01632,51,Female,Mumbai,New,2022-11-30
CUST01633,Customer 01633,20,Male,Pune,Regular,2025-12-22
CUST01634,Customer 01634,41,Male,Chennai,Premium,2022-12-11
CUST01635,Customer 01635,59,Male,Jaipur,Regular,2023-04-26
CUST01636,Customer 01636,26,Female,Mumbai,Regular,2022-03-22
CUST01637,Customer 01637,43,Female,Bengaluru,Regular,2024-10-27
CUST01638,Customer 01638,37,Male,Delhi,Regular,2024-09-15
CUST01639,Customer 01639,57,Male,Jaipur,Premium,2024-08-12
CUST01640,Customer 01640,27,Female,Jaipur,New,2025-10-26
CUST01641,Customer 01641,36,Female,Hyderabad,Regular,2023-08-11
CUST01642,Customer 01642,20,Male,Kolkata,Premium,2024-10-21
CUST01643,Customer 01643,41,Female,Bengaluru,Regular,2022-11-07
CUST01644,Customer 01644,22,Other,Hyderabad,New,2024-05-15
CUST01645,Customer 01645,20,Female,Delhi,Regular,2024-07-07
CUST01646,Customer 01646,44,Male,Chennai,Regular,2023-06-27
CUST01647,Customer 01647,33,Female,Delhi,New,2023-02-08
CUST01648,Customer 01648,32,Female,Chennai,Premium,2022-05-17
CUST01649,Customer 01649,52,Male,Chennai,Regular,2024-03-30
CUST01650,Customer 01650,29,Female,Pune,Premium,2022-04-08
CUST01651,Customer 01651,58,Female,Delhi,Regular,2023-11-26
CUST01652,Customer 01652,43,Female,Mumbai,Regular,2022-04-20
CUST01653,Customer 01653,51,Male,Mumbai,New,2025-08-07
CUST01654,Customer 01654,40,Female,Mumbai,Regular,2025-03-07
CUST01655,Customer 01655,48,Female,Delhi,New,2023-05-23
CUST01656,Customer 01656,37,Male,Jaipur,Premium,2022-06-03
CUST01657,Customer 01657,29,Female,Hyderabad,New,2023-09-20
CUST01658,Customer 01658,40,Female,Mumbai,Regular,2025-08-20
CUST01659,Customer 01659,21,Female,Bengaluru,Regular,2023-04-24
CUST01660,Customer 01660,40,Male,Bengaluru,Regular,2022-05-17
CUST01661,Customer 01661,18,Female,Hyderabad,Regular,2022-02-02
CUST01662,Customer 01662,42,Male,Bengaluru,Regular,2025-09-01
CUST01663,Customer 01663,19,Male,Kolkata,New,2023-12-03
CUST01664,Customer 01664,47,Female,Bengaluru,New,2025-07-08
CUST01665,Customer 01665,20,Male,Jaipur,Regular,2025-03-21
CUST01666,Customer 01666,38,Female,Kolkata,Regular,2024-11-25
CUST01667,Customer 01667,42,Male,Delhi,Regular,2022-09-15
CUST01668,Customer 01668,37,Male,Jaipur,Regular,2024-08-23
CUST01669,Customer 01669,39,Male,Delhi,Regular,2022-07-22
CUST01670,Customer 01670,38,Other,Chennai,Regular,2023-10-18
CUST01671,Customer 01671,50,Female,Bengaluru,Premium,2024-04-05
CUST01672,Customer 01672,55,Female,Kolkata,New,2025-10-17
CUST01673,Customer 01673,32,Male,Kolkata,Regular,2022-08-13
CUST01674,Customer 01674,32,Male,Chennai,Premium,2022-05-23
CUST01675,Customer 01675,42,Other,Chennai,Regular,2023-11-23
CUST01676,Customer 01676,38,Male,Mumbai,New,2023-03-11
CUST01677,Customer 01677,41,Male,Delhi,Regular,2023-04-20
CUST01678,Customer 01678,22,Female,Bengaluru,Regular,2023-05-09
CUST01679,Customer 01679,23,Male,Delhi,New,2023-09-29
CUST01680,Customer 01680,60,Female,Pune,Regular,2024-10-02
CUST01681,Customer 01681,40,Female,Mumbai,Regular,2022-02-12
CUST01682,Customer 01682,21,Male,Jaipur,Regular,2022-05-01
CUST01683,Customer 01683,44,Male,Hyderabad,New,2023-02-04
CUST01684,Customer 01684,35,Male,Chennai,Regular,2022-12-22
CUST01685,Customer 01685,38,Female,Delhi,Regular,2024-08-21
CUST01686,Customer 01686,45,Female,Kolkata,Premium,2024-08-13
CUST01687,Customer 01687,52,Male,Jaipur,New,2024-03-30
CUST01688,Customer 01688,39,Male,Bengaluru,New,2024-04-11
CUST01689,Customer 01689,57,Female,Hyderabad,Regular,2025-02-13
CUST01690,Customer 01690,40,Female,Chennai,New,2024-11-21
CUST01691,Customer 01691,20,Male,Delhi,Regular,2024-03-13
CUST01692,Customer 01692,57,Male,Bengaluru,Premium,2023-09-26
CUST01693,Customer 01693,27,Male,Bengaluru,Regular,2025-02-10
CUST01694,Customer 01694,42,Female,Delhi,Premium,2022-08-25
CUST01695,Customer 01695,25,Other,Mumbai,New,2025-01-07
CUST01696,Customer 01696,28,Male,Delhi,New,2023-02-09
CUST01697,Customer 01697,22,Female,Delhi,New,2024-01-14
CUST01698,Customer 01698,54,Male,Delhi,Regular,2024-06-19
CUST01699,Customer 01699,55,Male,Jaipur,Premium,2024-07-29
CUST01700,Customer 01700,46,Male,Hyderabad,New,2024-12-07
CUST01701,Customer 01701,22,Female,Jaipur,Regular,2022-05-27
CUST01702,Customer 01702,26,Female,Bengaluru,Regular,2022-03-26
CUST01703,Customer 01703,19,Female,Mumbai,Premium,2025-04-03
CUST01704,Customer 01704,18,Male,Bengaluru,New,2022-01-29
CUST01705,Customer 01705,57,Male,Bengaluru,Regular,2023-06-27
CUST01706,Customer 01706,47,Male,Delhi,New,2025-10-26
CUST01707,Customer 01707,28,Female,Hyderabad,Regular,2024-02-28
CUST01708,Customer 01708,45,Male,Delhi,Regular,2023-02-08
CUST01709,Customer 01709,29,Female,Hyderabad,Premium,2024-04-10
CUST01710,Customer 01710,56,Male,Pune,Regular,2024-12-22
CUST01711,Customer 01711,43,Male,Delhi,Regular,2024-02-25
CUST01712,Customer 01712,30,Male,Delhi,Regular,2025-05-02
CUST01713,Customer 01713,25,Male,Chennai,New,2024-08-24
CUST01714,Customer 01714,45,Male,Bengaluru,Regular,2023-04-14
CUST01715,Customer 01715,47,Male,Delhi,Premium,2022-03-06
CUST01716,Customer 01716,26,Female,Jaipur,Premium,2023-02-10
CUST01717,Customer 01717,56,Female,Delhi,Premium,2023-08-27
CUST01718,Customer 01718,48,Male,Pune,Premium,2025-01-03
CUST01719,Customer 01719,38,Male,Jaipur,New,2024-08-30
CUST01720,Customer 01720,51,Male,Mumbai,Regular,2025-09-09
CUST01721,Customer 01721,48,Male,Delhi,New,2023-03-24
CUST01722,Customer 01722,42,Male,Delhi,Regular,2022-04-22
CUST01723,Customer 01723,29,Female,Mumbai,New,2023-06-07
CUST01724,Customer 01724,18,Male,Delhi,Regular,2024-06-22
CUST01725,Customer 01725,39,Male,Pune,Regular,2023-08-15
CUST01726,Customer 01726,57,Male,Delhi,Premium,2024-02-23
CUST01727,Customer 01727,54,Male,Bengaluru,Regular,2024-06-28
CUST01728,Customer 01728,18,Female,Jaipur,Premium,2022-10-22
CUST01729,Customer 01729,18,Male,Chennai,New,2025-08-14
CUST01730,Customer 01730,59,Male,Hyderabad,New,2023-06-19
CUST01731,Customer 01731,59,Female,Mumbai,Regular,2022-08-02
CUST01732,Customer 01732,38,Male,Hyderabad,Regular,2024-06-10
CUST01733,Customer 01733,32,Female,Bengaluru,Regular,2023-02-14
CUST01734,Customer 01734,34,Female,Bengaluru,Regular,2022-02-13
CUST01735,Customer 01735,39,Male,Delhi,Regular,2023-12-08
CUST01736,Customer 01736,55,Female,Kolkata,Regular,2023-04-26
CUST01737,Customer 01737,52,Male,Bengaluru,Regular,2023-09-10
CUST01738,Customer 01738,33,Female,Delhi,Regular,2022-05-11
CUST01739,Customer 01739,25,Male,Mumbai,Regular,2024-07-30
CUST01740,Customer 01740,34,Male,Bengaluru,Regular,2022-07-15
CUST01741,Customer 01741,34,Female,Chennai,Regular,2025-03-05
CUST01742,Customer 01742,43,Female,Pune,New,2024-07-16
CUST01743,Customer 01743,30,Other,Chennai,Regular,2024-11-25
CUST01744,Customer 01744,34,Female,Delhi,Regular,2023-01-27
CUST01745,Customer 01745,55,Male,Bengaluru,Regular,2024-10-23
CUST01746,Customer 01746,34,Male,Bengaluru,Regular,2025-07-15
CUST01747,Customer 01747,31,Male,Delhi,Regular,2025-05-05
CUST01748,Customer 01748,23,Male,Mumbai,Regular,2025-05-15
CUST01749,Customer 01749,52,Male,Chennai,Regular,2023-03-22
CUST01750,Customer 01750,31,Female,Delhi,Regular,2024-08-15
CUST01751,Customer 01751,25,Male,Hyderabad,Regular,2024-02-01
CUST01752,Customer 01752,32,Male,Delhi,Regular,2024-03-09
CUST01753,Customer 01753,44,Male,Delhi,Regular,2025-11-27
CUST01754,Customer 01754,30,Female,Mumbai,Regular,2024-02-07
CUST01755,Customer 01755,48,Female,Jaipur,New,2024-11-28
CUST01756,Customer 01756,52,Female,Chennai,Regular,2023-09-25
CUST01757,Customer 01757,23,Male,Jaipur,New,2024-06-04
CUST01758,Customer 01758,22,Female,Bengaluru,New,2022-06-23
CUST01759,Customer 01759,39,Male,Delhi,Premium,2024-05-11
CUST01760,Customer 01760,40,Female,Hyderabad,Premium,2023-08-12
CUST01761,Customer 01761,42,Female,Bengaluru,New,2022-03-06
CUST01762,Customer 01762,51,Male,Kolkata,Regular,2023-12-29
CUST01763,Customer 01763,43,Female,Delhi,New,2025-12-13
CUST01764,Customer 01764,22,Female,Bengaluru,Regular,2023-07-09
CUST01765,Customer 01765,43,Male,Delhi,Premium,2024-12-04
CUST01766,Customer 01766,37,Female,Mumbai,Premium,2025-06-03
CUST01767,Customer 01767,23,Male,Pune,Regular,2025-03-24
CUST01768,Customer 01768,23,Male,Bengaluru,Regular,2023-02-07
CUST01769,Customer 01769,35,Male,Mumbai,Regular,2024-03-08
CUST01770,Customer 01770,21,Male,Bengaluru,Regular,2024-05-08
CUST01771,Customer 01771,34,Female,Bengaluru,Premium,2024-09-24
CUST01772,Customer 01772,31,Male,Chennai,Premium,2023-05-15
CUST01773,Customer 01773,31,Female,Kolkata,Regular,2023-07-14
CUST01774,Customer 01774,30,Male,Jaipur,Regular,2022-04-13
CUST01775,Customer 01775,24,Female,Chennai,Regular,2023-11-28
CUST01776,Customer 01776,32,Female,Mumbai,New,2023-06-04
CUST01777,Customer 01777,36,Female,Pune,Regular,2022-03-11
CUST01778,Customer 01778,60,Male,Bengaluru,Regular,2023-03-14
CUST01779,Customer 01779,52,Male,Mumbai,Regular,2023-08-12
CUST01780,Customer 01780,34,Male,Kolkata,Regular,2022-07-16
CUST01781,Customer 01781,52,Female,Delhi,Regular,2024-12-10
CUST01782,Customer 01782,36,Female,Kolkata,New,2025-05-01
CUST01783,Customer 01783,37,Male,Bengaluru,Premium,2025-07-13
CUST01784,Customer 01784,53,Male,Hyderabad,Premium,2024-12-28
CUST01785,Customer 01785,52,Female,Pune,Premium,2022-06-22
CUST01786,Customer 01786,49,Male,Kolkata,Regular,2025-12-15
CUST01787,Customer 01787,57,Female,Hyderabad,Regular,2025-06-15
CUST01788,Customer 01788,41,Female,Hyderabad,Regular,2022-12-25
CUST01789,Customer 01789,34,Female,Delhi,Regular,2024-06-09
CUST01790,Customer 01790,24,Male,Bengaluru,New,2025-01-17
CUST01791,Customer 01791,60,Male,Delhi,Regular,2023-03-10
CUST01792,Customer 01792,18,Female,Pune,Regular,2023-02-20
CUST01793,Customer 01793,52,Female,Bengaluru,Premium,2022-06-21
CUST01794,Customer 01794,49,Male,Pune,New,2022-06-16
CUST01795,Customer 01795,53,Male,Delhi,Regular,2023-10-05
CUST01796,Customer 01796,30,Female,Delhi,Regular,2022-11-04
CUST01797,Customer 01797,23,Female,Pune,Regular,2022-01-11
CUST01798,Customer 01798,31,Female,Delhi,Premium,2022-01-07
CUST01799,Customer 01799,54,Other,Delhi,Regular,2023-06-25
CUST01800,Customer 01800,32,Male,Delhi,Premium,2025-03-11
CUST01801,Customer 01801,21,Male,Jaipur,Regular,2025-12-03
CUST01802,Customer 01802,57,Female,Pune,Regular,2023-01-17
CUST01803,Customer 01803,33,Female,Mumbai,New,2022-09-16
CUST01804,Customer 01804,45,Male,Mumbai,New,2024-03-28
CUST01805,Customer 01805,33,Male,Mumbai,Regular,2025-03-01
CUST01806,Customer 01806,21,Female,Chennai,New,2022-08-31
CUST01807,Customer 01807,43,Male,Pune,Regular,2022-11-09
CUST01808,Customer 01808,45,Male,Delhi,New,2022-12-12
CUST01809,Customer 01809,49,Female,Delhi,New,2023-12-07
CUST01810,Customer 01810,19,Female,Delhi,Premium,2025-04-10
CUST01811,Customer 01811,48,Female,Pune,New,2023-01-15
CUST01812,Customer 01812,20,Male,Chennai,Regular,2022-05-24
CUST01813,Customer 01813,25,Female,Mumbai,New,2023-09-11
CUST01814,Customer 01814,41,Female,Delhi,Premium,2022-02-11
CUST01815,Customer 01815,32,Female,Delhi,Premium,2022-09-26
CUST01816,Customer 01816,60,Female,Jaipur,Regular,2023-12-18
CUST01817,Customer 01817,48,Male,Mumbai,Regular,2025-06-28
CUST01818,Customer 01818,26,Male,Chennai,New,2025-08-18
CUST01819,Customer 01819,56,Male,Hyderabad,Premium,2025-03-10
CUST01820,Customer 01820,19,Male,Bengaluru,Premium,2022-11-08
CUST01821,Customer 01821,25,Female,Delhi,Premium,2024-06-30
CUST01822,Customer 01822,24,Female,Delhi,Regular,2022-12-13
CUST01823,Customer 01823,56,Female,Hyderabad,Regular,2024-06-12
CUST01824,Customer 01824,59,Female,Chennai,Premium,2022-04-14
CUST01825,Customer 01825,33,Male,Hyderabad,Regular,2023-01-14
CUST01826,Customer 01826,52,Male,Hyderabad,Regular,2022-06-10
CUST01827,Customer 01827,47,Male,Delhi,New,2023-10-04
CUST01828,Customer 01828,27,Male,Jaipur,Premium,2025-04-30
CUST01829,Customer 01829,55,Male,Chennai,New,2023-03-09
CUST01830,Customer 01830,35,Female,Mumbai,Regular,2022-07-29
CUST01831,Customer 01831,22,Other,Jaipur,Regular,2023-04-21
CUST01832,Customer 01832,46,Male,Hyderabad,Regular,2025-08-09
CUST01833,Customer 01833,56,Male,Hyderabad,Regular,2022-03-04
CUST01834,Customer 01834,51,Female,Pune,Regular,2023-04-18
CUST01835,Customer 01835,60,Male,Chennai,New,2025-10-13
CUST01836,Customer 01836,40,Female,Pune,Regular,2023-02-28
CUST01837,Customer 01837,22,Female,Delhi,Premium,2024-12-12
CUST01838,Customer 01838,47,Female,Mumbai,Regular,2023-09-16
CUST01839,Customer 01839,23,Male,Jaipur,Regular,2023-05-13
CUST01840,Customer 01840,21,Female,Mumbai,Premium,2023-01-07
CUST01841,Customer 01841,46,Male,Mumbai,Regular,2023-12-06
CUST01842,Customer 01842,40,Female,Bengaluru,Regular,2024-01-24
CUST01843,Customer 01843,23,Male,Bengaluru,Regular,2025-10-26
CUST01844,Customer 01844,49,Male,Hyderabad,Regular,2024-12-06
CUST01845,Customer 01845,59,Female,Jaipur,Regular,2023-08-08
CUST01846,Customer 01846,35,Female,Mumbai,Regular,2024-05-24
CUST01847,Customer 01847,32,Female,Delhi,Regular,2023-02-18
CUST01848,Customer 01848,57,Female,Delhi,Regular,2025-09-15
CUST01849,Customer 01849,49,Female,Kolkata,New,2023-02-07
CUST01850,Customer 01850,26,Male,Hyderabad,Regular,2025-01-06
CUST01851,Customer 01851,54,Female,Mumbai,Regular,2022-08-22
CUST01852,Customer 01852,27,Female,Chennai,New,2023-12-08
CUST01853,Customer 01853,37,Female,Kolkata,Regular,2023-11-11
CUST01854,Customer 01854,23,Female,Kolkata,Regular,2023-04-19
CUST01855,Customer 01855,20,Male,Kolkata,Regular,2024-10-27
CUST01856,Customer 01856,59,Female,Mumbai,Regular,2022-06-09
CUST01857,Customer 01857,28,Male,Chennai,Premium,2025-12-09
CUST01858,Customer 01858,60,Male,Bengaluru,Premium,2025-06-24
CUST01859,Customer 01859,34,Female,Kolkata,Regular,2024-11-04
CUST01860,Customer 01860,49,Male,Pune,Regular,2022-01-27
CUST01861,Customer 01861,21,Female,Chennai,Regular,2022-02-26
CUST01862,Customer 01862,21,Male,Pune,Premium,2024-02-06
CUST01863,Customer 01863,34,Male,Delhi,Regular,2025-03-06
CUST01864,Customer 01864,58,Female,Hyderabad,Regular,2023-09-27
CUST01865,Customer 01865,36,Female,Jaipur,Regular,2023-11-21
CUST01866,Customer 01866,22,Female,Jaipur,New,2023-11-27
CUST01867,Customer 01867,49,Female,Delhi,Premium,2024-02-05
CUST01868,Customer 01868,39,Female,Delhi,Regular,2025-06-20
CUST01869,Customer 01869,23,Male,Delhi,Regular,2025-11-29
CUST01870,Customer 01870,52,Male,Pune,Regular,2024-06-13
CUST01871,Customer 01871,39,Male,Chennai,Regular,2024-08-29
CUST01872,Customer 01872,18,Female,Delhi,New,2022-01-01
CUST01873,Customer 01873,37,Female,Bengaluru,Regular,2022-10-08
CUST01874,Customer 01874,39,Male,Kolkata,Regular,2022-01-30
CUST01875,Customer 01875,12,Female,Pune,Regular,2022-08-12
CUST01876,Customer 01876,30,Female,Hyderabad,Regular,2024-05-07
CUST01877,Customer 01877,59,Male,Hyderabad,Regular,2023-06-24
CUST01878,Customer 01878,20,Male,Bengaluru,Regular,2024-07-10
CUST01879,Customer 01879,26,Female,Mumbai,New,2023-03-28
CUST01880,Customer 01880,29,Female,Hyderabad,Regular,2025-12-20
CUST01881,Customer 01881,40,Female,Pune,Premium,2025-03-04
CUST01882,Customer 01882,31,Male,Kolkata,Premium,2025-07-07
CUST01883,Customer 01883,50,Other,Hyderabad,Regular,2023-07-06
CUST01884,Customer 01884,35,Male,Chennai,Regular,2023-10-02
CUST01885,Customer 01885,58,Male,Delhi,Regular,2023-02-03
CUST01886,Customer 01886,26,Other,Bengaluru,Regular,2022-02-22
CUST01887,Customer 01887,40,Male,Delhi,New,2024-04-30
CUST01888,Customer 01888,27,Female,Mumbai,Premium,2023-03-09
CUST01889,Customer 01889,36,Male,Pune,Regular,2024-08-25
CUST01890,Customer 01890,22,Female,Jaipur,Premium,2024-09-05
CUST01891,Customer 01891,40,Female,Delhi,Regular,2025-12-29
CUST01892,Customer 01892,85,Male,Bengaluru,Regular,2023-12-20
CUST01893,Customer 01893,42,Female,Chennai,Regular,2025-12-01
CUST01894,Customer 01894,45,Male,Delhi,Regular,2022-11-30
CUST01895,Customer 01895,51,Female,Hyderabad,Regular,2025-06-16
CUST01896,Customer 01896,42,Male,Pune,Regular,2025-04-19
CUST01897,Customer 01897,27,Male,Hyderabad,New,2023-09-19
CUST01898,Customer 01898,31,Male,Delhi,Regular,2024-10-21
CUST01899,Customer 01899,59,Male,Mumbai,New,2024-08-31
CUST01900,Customer 01900,47,Female,Chennai,Regular,2022-07-06
CUST01901,Customer 01901,58,Male,Hyderabad,Regular,2025-11-07
CUST01902,Customer 01902,42,Male,Delhi,New,2023-11-16
CUST01903,Customer 01903,31,Male,Chennai,New,2022-11-15
CUST01904,Customer 01904,52,Male,Delhi,New,2024-10-11
CUST01905,Customer 01905,51,Female,Pune,Regular,2023-09-13
CUST01906,Customer 01906,27,Other,Delhi,New,2024-08-26
CUST01907,Customer 01907,52,Male,Jaipur,Regular,2024-07-19
CUST01908,Customer 01908,28,Female,Mumbai,New,2025-03-04
CUST01909,Customer 01909,28,Female,Mumbai,Regular,2025-06-08
CUST01910,Customer 01910,38,Male,Delhi,Premium,2025-12-24
CUST01911,Customer 01911,38,Female,Mumbai,Regular,2022-10-18
CUST01912,Customer 01912,39,Female,Kolkata,New,2024-10-22
CUST01913,Customer 01913,24,Female,Jaipur,Premium,2024-08-07
CUST01914,Customer 01914,34,Female,Mumbai,Regular,2025-12-06
CUST01915,Customer 01915,12,Male,Bengaluru,Premium,2023-11-25
CUST01916,Customer 01916,29,Female,Pune,Regular,2022-08-02
CUST01917,Customer 01917,59,Female,Kolkata,Regular,2022-05-11
CUST01918,Customer 01918,35,Female,Hyderabad,Premium,2024-10-18
CUST01919,Customer 01919,28,Female,Bengaluru,Regular,2025-05-25
CUST01920,Customer 01920,33,Male,Bengaluru,Regular,2025-12-18
CUST01921,Customer 01921,35,Other,Pune,Regular,2023-06-06
CUST01922,Customer 01922,52,Female,Delhi,New,2022-10-23
CUST01923,Customer 01923,43,Male,Hyderabad,New,2023-11-28
CUST01924,Customer 01924,33,Male,Mumbai,New,2023-02-27
CUST01925,Customer 01925,23,Female,Chennai,Regular,2022-08-06
CUST01926,Customer 01926,60,Male,Delhi,Regular,2025-07-21
CUST01927,Customer 01927,59,Male,Hyderabad,Regular,2024-04-13
CUST01928,Customer 01928,29,Male,Bengaluru,New,2022-01-14
CUST01929,Customer 01929,30,Male,Hyderabad,Regular,2024-04-13
CUST01930,Customer 01930,21,Male,Delhi,Premium,2025-03-12
CUST01931,Customer 01931,12,Male,Hyderabad,Regular,2025-07-05
CUST01932,Customer 01932,19,Male,Hyderabad,Regular,2024-05-31
CUST01933,Customer 01933,43,Female,Hyderabad,Regular,2023-07-30
CUST01934,Customer 01934,44,Female,Hyderabad,Regular,2024-10-11
CUST01935,Customer 01935,44,Male,Pune,Regular,2023-09-22
CUST01936,Customer 01936,32,Male,Chennai,Premium,2024-06-15
CUST01937,Customer 01937,25,Female,Mumbai,Regular,2023-04-05
CUST01938,Customer 01938,24,Male,Chennai,Premium,2023-07-16
CUST01939,Customer 01939,57,Male,Bengaluru,Regular,2023-11-26
CUST01940,Customer 01940,29,Male,Delhi,Regular,2023-04-29
CUST01941,Customer 01941,30,Female,Delhi,New,2025-11-20
CUST01942,Customer 01942,60,Female,Mumbai,Regular,2022-06-05
CUST01943,Customer 01943,34,Female,Chennai,Regular,2024-04-08
CUST01944,Customer 01944,34,Female,Pune,Regular,2025-01-12
CUST01945,Customer 01945,53,Female,Chennai,Regular,2023-07-02
CUST01946,Customer 01946,38,Male,Bengaluru,Premium,2023-02-14
CUST01947,Customer 01947,25,Female,Bengaluru,Premium,2025-03-22
CUST01948,Customer 01948,22,Male,Delhi,Regular,2022-08-25
CUST01949,Customer 01949,43,Female,Mumbai,Regular,2022-12-04
CUST01950,Customer 01950,33,Female,Bengaluru,Regular,2025-11-03
CUST01951,Customer 01951,53,Female,Delhi,Regular,2023-11-20
CUST01952,Customer 01952,45,Male,Mumbai,Premium,2022-11-02
CUST01953,Customer 01953,46,Male,Hyderabad,New,2023-12-02
CUST01954,Customer 01954,29,Female,Pune,Regular,2022-08-30
CUST01955,Customer 01955,54,Female,Jaipur,Regular,2025-12-30
CUST01956,Customer 01956,47,Female,Jaipur,Regular,2022-12-25
CUST01957,Customer 01957,40,Male,Hyderabad,Regular,2025-01-23
CUST01958,Customer 01958,33,Female,Bengaluru,Regular,2023-11-30
CUST01959,Customer 01959,31,Female,Hyderabad,New,2024-03-07
CUST01960,Customer 01960,27,Female,Chennai,Regular,2023-12-27
CUST01961,Customer 01961,24,Female,Delhi,Regular,2022-09-10
CUST01962,Customer 01962,54,Female,Bengaluru,New,2025-02-09
CUST01963,Customer 01963,46,Female,Chennai,New,2025-05-29
CUST01964,Customer 01964,20,Female,Bengaluru,Regular,2022-05-15
CUST01965,Customer 01965,32,Female,Hyderabad,Regular,2025-11-16
CUST01966,Customer 01966,53,Male,Hyderabad,Regular,2022-11-05
CUST01967,Customer 01967,36,Male,Delhi,Regular,2023-11-06
CUST01968,Customer 01968,30,Female,Mumbai,Regular,2022-10-20
CUST01969,Customer 01969,59,Female,Mumbai,Regular,2025-07-20
CUST01970,Customer 01970,38,Female,Delhi,Regular,2025-09-18
CUST01971,Customer 01971,54,Female,Delhi,Regular,2024-10-22
CUST01972,Customer 01972,44,Male,Chennai,Regular,2023-01-22
CUST01973,Customer 01973,46,Female,Mumbai,Regular,2022-03-21
CUST01974,Customer 01974,37,Female,Bengaluru,Premium,2025-03-06
CUST01975,Customer 01975,42,Male,Mumbai,Premium,2022-04-29
CUST01976,Customer 01976,23,Male,Jaipur,New,2024-05-31
CUST01977,Customer 01977,53,Female,Mumbai,New,2024-11-01
CUST01978,Customer 01978,19,Male,Bengaluru,Regular,2025-11-06
CUST01979,Customer 01979,39,Female,Kolkata,Regular,2025-03-12
CUST01980,Customer 01980,49,Male,Kolkata,New,2024-10-11
CUST01981,Customer 01981,33,Female,Delhi,Premium,2025-12-18
CUST01982,Customer 01982,35,Female,Chennai,Regular,2022-04-25
CUST01983,Customer 01983,22,Female,Bengaluru,Premium,2022-01-04
CUST01984,Customer 01984,53,Male,Bengaluru,Regular,2023-07-08
CUST01985,Customer 01985,47,Female,Delhi,Regular,2025-02-08
CUST01986,Customer 01986,36,Male,Delhi,Regular,2025-11-13
CUST01987,Customer 01987,40,Male,Pune,Regular,2022-01-17
CUST01988,Customer 01988,51,Other,Bengaluru,Regular,2023-03-13
CUST01989,Customer 01989,30,Female,Bengaluru,New,2024-11-04
CUST01990,Customer 01990,60,Female,Pune,Regular,2024-02-25
CUST01991,Customer 01991,46,Male,Chennai,Regular,2025-06-10
CUST01992,Customer 01992,53,Male,Delhi,New,2023-05-21
CUST01993,Customer 01993,39,Male,Hyderabad,Regular,2022-11-16
CUST01994,Customer 01994,53,Female,Delhi,Regular,2023-07-31
CUST01995,Customer 01995,26,Female,Chennai,New,2024-01-06
CUST01996,Customer 01996,56,Female,Pune,New,2022-07-22
CUST01997,Customer 01997,36,Female,Jaipur,Regular,2022-03-08
CUST01998,Customer 01998,55,Male,Delhi,Premium,2025-08-09
CUST01999,Customer 01999,23,Male,Delhi,Regular,2022-07-18
CUST02000,Customer 02000,32,Male,Mumbai,New,2023-11-05
CUST02001,Customer 02001,37,Male,Mumbai,Regular,2022-05-14
CUST02002,Customer 02002,26,Male,Mumbai,Premium,2022-02-01
CUST02003,Customer 02003,49,Female,Kolkata,Regular,2025-09-07
CUST02004,Customer 02004,21,Male,Mumbai,Regular,2023-02-26
CUST02005,Customer 02005,35,Female,Mumbai,Regular,2025-10-17
CUST02006,Customer 02006,22,Male,Chennai,Regular,2024-09-21
CUST02007,Customer 02007,37,Other,Bengaluru,New,2024-11-16
CUST02008,Customer 02008,40,Female,Chennai,Regular,2025-07-18
CUST02009,Customer 02009,28,Female,Delhi,Regular,2023-05-29
CUST02010,Customer 02010,54,Male,Bengaluru,Premium,2022-09-01
CUST02011,Customer 02011,39,Female,Delhi,Regular,2022-07-02
CUST02012,Customer 02012,21,Female,Delhi,New,2024-04-01
CUST02013,Customer 02013,46,Male,Kolkata,Regular,2023-01-03
CUST02014,Customer 02014,51,Male,Delhi,Regular,2023-03-31
CUST02015,Customer 02015,30,Male,Hyderabad,Regular,2025-02-13
CUST02016,Customer 02016,59,Female,Bengaluru,New,2023-12-13
CUST02017,Customer 02017,26,Female,Mumbai,Regular,2024-03-02
CUST02018,Customer 02018,59,Female,Kolkata,Regular,2025-01-22
CUST02019,Customer 02019,48,Male,Delhi,Regular,2023-01-19
CUST02020,Customer 02020,24,Male,Pune,Premium,2025-10-15
CUST02021,Customer 02021,21,Female,Jaipur,Regular,2024-05-03
CUST02022,Customer 02022,36,Male,Hyderabad,Regular,2023-08-25
CUST02023,Customer 02023,59,Female,Jaipur,Regular,2024-07-27
CUST02024,Customer 02024,47,Female,Delhi,Regular,2022-12-09
CUST02025,Customer 02025,48,Male,Bengaluru,Regular,2025-02-12
CUST02026,Customer 02026,52,Female,Mumbai,Premium,2024-12-31
CUST02027,Customer 02027,38,Male,Pune,Regular,2022-10-03
CUST02028,Customer 02028,48,Female,Jaipur,Regular,2025-12-17
CUST02029,Customer 02029,36,Male,Mumbai,Regular,2022-08-07
CUST02030,Customer 02030,48,Female,Pune,Regular,2024-01-12
CUST02031,Customer 02031,49,Male,Delhi,Regular,2024-04-14
CUST02032,Customer 02032,19,Male,Hyderabad,Regular,2024-06-03
CUST02033,Customer 02033,27,Female,Bengaluru,Premium,2022-10-22
CUST02034,Customer 02034,19,Male,Jaipur,New,2025-07-15
CUST02035,Customer 02035,19,Female,Hyderabad,Regular,2025-10-10
CUST02036,Customer 02036,41,Male,Mumbai,Premium,2025-12-11
CUST02037,Customer 02037,34,Female,Delhi,New,2023-12-26
CUST02038,Customer 02038,49,Male,Delhi,Regular,2025-10-16
CUST02039,Customer 02039,33,Female,Mumbai,Regular,2022-02-25
CUST02040,Customer 02040,33,Male,Mumbai,New,2023-09-19
CUST02041,Customer 02041,56,Male,Kolkata,Regular,2024-03-02
CUST02042,Customer 02042,48,Male,Hyderabad,Premium,2024-08-26
CUST02043,Customer 02043,60,Female,Bengaluru,New,2025-08-16
CUST02044,Customer 02044,41,Male,Delhi,Regular,2022-01-17
CUST02045,Customer 02045,18,Female,Kolkata,Regular,2023-11-10
CUST02046,Customer 02046,28,Female,Pune,Premium,2023-06-13
CUST02047,Customer 02047,38,Male,Delhi,New,2023-12-01
CUST02048,Customer 02048,21,Female,Pune,Regular,2025-04-17
CUST02049,Customer 02049,24,Male,Hyderabad,Regular,2023-05-04
CUST02050,Customer 02050,43,Male,Delhi,Regular,2025-10-09
CUST02051,Customer 02051,29,Female,Bengaluru,Premium,2022-05-26
CUST02052,Customer 02052,48,Female,Bengaluru,Premium,2022-12-19
CUST02053,Customer 02053,34,Female,Delhi,New,2024-04-19
CUST02054,Customer 02054,50,Male,Jaipur,Regular,2024-09-10
CUST02055,Customer 02055,28,Male,Kolkata,Regular,2022-10-20
CUST02056,Customer 02056,45,Male,Pune,Regular,2025-01-22
CUST02057,Customer 02057,49,Female,Bengaluru,Regular,2024-03-18
CUST02058,Customer 02058,18,Female,Bengaluru,Regular,2022-11-29
CUST02059,Customer 02059,45,Female,Pune,Regular,2025-02-09
CUST02060,Customer 02060,59,Male,Hyderabad,Premium,2023-08-23
CUST02061,Customer 02061,24,Male,Delhi,New,2024-07-06
CUST02062,Customer 02062,19,Male,Bengaluru,Premium,2023-09-22
CUST02063,Customer 02063,59,Male,Chennai,Regular,2022-06-28
CUST02064,Customer 02064,41,Male,Bengaluru,Regular,2023-03-15
CUST02065,Customer 02065,21,Female,Delhi,Premium,2024-01-24
CUST02066,Customer 02066,36,Female,Chennai,Regular,2023-02-16
CUST02067,Customer 02067,43,Female,Delhi,Regular,2022-06-23
CUST02068,Customer 02068,28,Male,Mumbai,Regular,2022-09-27
CUST02069,Customer 02069,57,Male,Delhi,Regular,2023-02-04
CUST02070,Customer 02070,60,Female,Mumbai,Premium,2024-07-14
CUST02071,Customer 02071,28,Male,Chennai,Premium,2024-11-26
CUST02072,Customer 02072,20,Female,Bengaluru,New,2022-11-15
CUST02073,Customer 02073,29,Female,Delhi,New,2023-06-15
CUST02074,Customer 02074,20,Male,Kolkata,Regular,2022-10-29
CUST02075,Customer 02075,59,Female,Kolkata,New,2022-11-19
CUST02076,Customer 02076,44,Male,Kolkata,Regular,2024-03-02
CUST02077,Customer 02077,19,Female,Mumbai,New,2022-01-12
CUST02078,Customer 02078,33,Female,Bengaluru,Regular,2023-03-16
CUST02079,Customer 02079,19,Male,Jaipur,New,2024-10-14
CUST02080,Customer 02080,47,Male,Chennai,Regular,2022-01-06
CUST02081,Customer 02081,37,Female,Delhi,Regular,2024-12-19
CUST02082,Customer 02082,55,Female,Delhi,Regular,2022-03-31
CUST02083,Customer 02083,45,Male,Bengaluru,Premium,2025-05-25
CUST02084,Customer 02084,42,Female,Kolkata,Premium,2022-10-14
CUST02085,Customer 02085,49,Male,Hyderabad,Regular,2022-12-04
CUST02086,Customer 02086,27,Male,Bengaluru,New,2025-05-11
CUST02087,Customer 02087,59,Male,Delhi,Premium,2022-04-14
CUST02088,Customer 02088,57,Male,Pune,Premium,2022-10-10
CUST02089,Customer 02089,50,Male,Chennai,Premium,2023-06-17
CUST02090,Customer 02090,30,Other,Bengaluru,New,2024-11-23
CUST02091,Customer 02091,58,Male,Chennai,Premium,2024-06-27
CUST02092,Customer 02092,59,Male,Jaipur,Regular,2024-04-15
CUST02093,Customer 02093,54,Male,Delhi,Regular,2022-06-22
CUST02094,Customer 02094,33,Female,Bengaluru,Premium,2023-11-27
CUST02095,Customer 02095,39,Female,Mumbai,Regular,2024-06-09
CUST02096,Customer 02096,37,Male,Chennai,Premium,2022-12-05
CUST02097,Customer 02097,60,Male,Hyderabad,Regular,2024-02-17
CUST02098,Customer 02098,44,Male,Hyderabad,Premium,2022-12-01
CUST02099,Customer 02099,58,Male,Chennai,Regular,2025-09-02
CUST02100,Customer 02100,33,Male,Bengaluru,Premium,2024-07-20
CUST02101,Customer 02101,51,Male,Kolkata,New,2022-12-21
CUST02102,Customer 02102,49,Male,Hyderabad,Regular,2024-09-17
CUST02103,Customer 02103,43,Female,Delhi,Regular,2025-09-08
CUST02104,Customer 02104,42,Male,Pune,Regular,2023-12-03
CUST02105,Customer 02105,19,Female,Chennai,Regular,2023-08-08
CUST02106,Customer 02106,29,Female,Mumbai,Regular,2025-03-01
CUST02107,Customer 02107,57,Female,Kolkata,New,2024-01-26
CUST02108,Customer 02108,26,Male,Kolkata,Regular,2025-12-11
CUST02109,Customer 02109,29,Male,Mumbai,Regular,2025-03-09
CUST02110,Customer 02110,43,Male,Jaipur,Premium,2025-06-22
CUST02111,Customer 02111,26,Female,Delhi,New,2022-07-25
CUST02112,Customer 02112,27,Male,Delhi,New,2025-09-27
CUST02113,Customer 02113,49,Female,Delhi,Regular,2023-05-28
CUST02114,Customer 02114,51,Female,Kolkata,Regular,2024-12-03
CUST02115,Customer 02115,37,Male,Pune,Regular,2023-02-08
CUST02116,Customer 02116,56,Female,Delhi,Regular,2023-03-08
CUST02117,Customer 02117,19,Male,Bengaluru,Premium,2025-08-09
CUST02118,Customer 02118,18,Male,Hyderabad,Regular,2025-02-03
CUST02119,Customer 02119,53,Male,Delhi,Regular,2023-02-16
CUST02120,Customer 02120,41,Male,Kolkata,New,2024-04-10
CUST02121,Customer 02121,44,Female,Chennai,Regular,2024-12-04
CUST02122,Customer 02122,19,Male,Bengaluru,New,2024-05-23
CUST02123,Customer 02123,48,Male,Jaipur,Regular,2025-04-05
CUST02124,Customer 02124,31,Female,Bengaluru,Regular,2022-12-30
CUST02125,Customer 02125,19,Female,Jaipur,Regular,2024-09-27
CUST02126,Customer 02126,46,Male,Pune,Regular,2025-02-11
CUST02127,Customer 02127,32,Female,Hyderabad,Premium,2023-09-12
CUST02128,Customer 02128,29,Female,Delhi,New,2025-09-21
CUST02129,Customer 02129,54,Male,Kolkata,Regular,2025-07-10
CUST02130,Customer 02130,45,Male,Bengaluru,New,2024-10-18
CUST02131,Customer 02131,37,Male,Delhi,Regular,2025-08-20
CUST02132,Customer 02132,56,Female,Delhi,Premium,2025-05-14
CUST02133,Customer 02133,41,Female,Hyderabad,Regular,2024-06-02
CUST02134,Customer 02134,38,Female,Bengaluru,Regular,2022-06-19
CUST02135,Customer 02135,27,Female,Pune,Premium,2024-10-01
CUST02136,Customer 02136,31,Male,Kolkata,Regular,2022-02-27
CUST02137,Customer 02137,54,Male,Delhi,Regular,2024-07-28
CUST02138,Customer 02138,35,Male,Pune,Regular,2023-01-09
CUST02139,Customer 02139,41,Female,Delhi,Regular,2024-12-20
CUST02140,Customer 02140,31,Female,Kolkata,New,2024-01-09
CUST02141,Customer 02141,51,Male,Chennai,Premium,2024-01-05
CUST02142,Customer 02142,29,Female,Hyderabad,Regular,2024-11-30
CUST02143,Customer 02143,39,Male,Pune,New,2024-02-13
CUST02144,Customer 02144,23,Male,Mumbai,Regular,2024-11-03
CUST02145,Customer 02145,53,Male,Bengaluru,Regular,2025-06-22
CUST02146,Customer 02146,53,Male,Chennai,New,2025-11-28
CUST02147,Customer 02147,39,Male,Bengaluru,Regular,2022-03-31
CUST02148,Customer 02148,31,Male,Mumbai,Premium,2022-06-05
CUST02149,Customer 02149,33,Male,Bengaluru,Premium,2023-07-14
CUST02150,Customer 02150,53,Male,Chennai,Premium,2023-11-26
CUST02151,Customer 02151,42,Female,Mumbai,Premium,2025-02-05
CUST02152,Customer 02152,49,Male,Delhi,New,2024-07-30
CUST02153,Customer 02153,50,Other,Pune,Regular,2025-01-20
CUST02154,Customer 02154,53,Male,Chennai,Regular,2025-11-30
CUST02155,Customer 02155,37,Male,Delhi,Regular,2023-07-21
CUST02156,Customer 02156,35,Male,Mumbai,Regular,2024-01-30
CUST02157,Customer 02157,55,Male,Delhi,Regular,2023-12-06
CUST02158,Customer 02158,20,Female,Mumbai,Regular,2024-01-22
CUST02159,Customer 02159,40,Male,Bengaluru,Premium,2023-02-23
CUST02160,Customer 02160,49,Female,Pune,Regular,2025-07-04
CUST02161,Customer 02161,33,Female,Pune,Regular,2022-07-25
CUST02162,Customer 02162,22,Female,Hyderabad,Premium,2023-11-16
CUST02163,Customer 02163,21,Female,Mumbai,Regular,2022-03-20
CUST02164,Customer 02164,38,Female,Kolkata,New,2022-12-20
CUST02165,Customer 02165,57,Male,Bengaluru,Regular,2023-04-16
CUST02166,Customer 02166,31,Female,Jaipur,Regular,2023-06-10
CUST02167,Customer 02167,56,Male,Hyderabad,Regular,2025-01-25
CUST02168,Customer 02168,48,Male,Delhi,Regular,2024-10-16
CUST02169,Customer 02169,31,Male,Pune,Regular,2024-09-10
CUST02170,Customer 02170,23,Female,Mumbai,Regular,2022-04-16
CUST02171,Customer 02171,29,Female,Pune,Premium,2025-04-17
CUST02172,Customer 02172,33,Male,Delhi,Premium,2025-11-02
CUST02173,Customer 02173,34,Female,Delhi,New,2023-06-16
CUST02174,Customer 02174,40,Male,Kolkata,New,2024-05-02
CUST02175,Customer 02175,31,Male,Mumbai,Premium,2023-10-07
CUST02176,Customer 02176,24,Male,Chennai,Premium,2022-08-08
CUST02177,Customer 02177,49,Male,Mumbai,Premium,2025-05-05
CUST02178,Customer 02178,32,Male,Hyderabad,Premium,2025-04-20
CUST02179,Customer 02179,34,Female,Pune,Regular,2022-07-23
CUST02180,Customer 02180,58,Female,Bengaluru,Regular,2024-02-19
CUST02181,Customer 02181,51,Male,Mumbai,Regular,2025-03-16
CUST02182,Customer 02182,22,Female,Delhi,New,2022-02-22
CUST02183,Customer 02183,44,Female,Delhi,Regular,2024-06-18
CUST02184,Customer 02184,40,Female,Mumbai,Regular,2023-09-28
CUST02185,Customer 02185,57,Female,Pune,Regular,2022-06-11
CUST02186,Customer 02186,31,Male,Jaipur,Regular,2024-07-15
CUST02187,Customer 02187,32,Female,Kolkata,Regular,2025-10-12
CUST02188,Customer 02188,60,Female,Chennai,New,2024-06-16
CUST02189,Customer 02189,50,Male,Chennai,Regular,2022-02-25
CUST02190,Customer 02190,48,Male,Pune,New,2023-01-07
CUST02191,Customer 02191,52,Female,Mumbai,New,2022-12-31
CUST02192,Customer 02192,34,Male,Kolkata,Premium,2023-06-14
CUST02193,Customer 02193,45,Other,Pune,New,2025-04-28
CUST02194,Customer 02194,36,Male,Hyderabad,Regular,2023-05-15
CUST02195,Customer 02195,40,Female,Delhi,Regular,2023-03-01
CUST02196,Customer 02196,49,Male,Bengaluru,Regular,2023-05-15
CUST02197,Customer 02197,12,Female,Bengaluru,New,2023-08-05
CUST02198,Customer 02198,30,Female,Kolkata,Regular,2022-09-30
CUST02199,Customer 02199,37,Male,Hyderabad,Regular,2023-03-06
CUST02200,Customer 02200,52,Female,Bengaluru,Regular,2024-04-06
CUST02201,Customer 02201,22,Male,Jaipur,Regular,2022-02-06
CUST02202,Customer 02202,26,Male,Delhi,Premium,2025-01-22
CUST02203,Customer 02203,46,Male,Bengaluru,Premium,2024-03-27
CUST02204,Customer 02204,23,Female,Delhi,Regular,2025-02-09
CUST02205,Customer 02205,42,Male,Pune,New,2022-12-14
CUST02206,Customer 02206,48,Male,Kolkata,Regular,2024-07-21
CUST02207,Customer 02207,39,Male,Mumbai,Regular,2023-04-26
CUST02208,Customer 02208,19,Female,Kolkata,New,2024-05-03
CUST02209,Customer 02209,22,Female,Mumbai,Regular,2025-07-21
CUST02210,Customer 02210,44,Male,Kolkata,Regular,2025-06-01
CUST02211,Customer 02211,42,Male,Chennai,Regular,2023-12-20
CUST02212,Customer 02212,25,Female,Chennai,Regular,2023-12-03
CUST02213,Customer 02213,18,Male,Delhi,Premium,2023-12-15
CUST02214,Customer 02214,37,Female,Jaipur,Regular,2025-11-15
CUST02215,Customer 02215,40,Female,Pune,Premium,2025-12-08
CUST02216,Customer 02216,49,Female,Mumbai,New,2025-08-10
CUST02217,Customer 02217,28,Male,Chennai,Premium,2023-11-05
CUST02218,Customer 02218,56,Female,Mumbai,New,2023-01-26
CUST02219,Customer 02219,41,Female,Kolkata,New,2025-12-19
CUST02220,Customer 02220,28,Female,Delhi,Regular,2023-03-31
CUST02221,Customer 02221,46,Male,Pune,Regular,2025-04-29
CUST02222,Customer 02222,43,Male,Hyderabad,Premium,2025-12-23
CUST02223,Customer 02223,33,Male,Delhi,Regular,2025-05-10
CUST02224,Customer 02224,52,Female,Mumbai,Regular,2023-04-02
CUST02225,Customer 02225,37,Female,Delhi,Regular,2023-09-12
CUST02226,Customer 02226,20,Male,Bengaluru,Regular,2022-11-23
CUST02227,Customer 02227,18,Male,Mumbai,Regular,2022-07-31
CUST02228,Customer 02228,18,Male,Hyderabad,Regular,2025-04-02
CUST02229,Customer 02229,34,Female,Mumbai,Regular,2022-03-23
CUST02230,Customer 02230,19,Female,Mumbai,Premium,2022-10-10
CUST02231,Customer 02231,46,Male,Pune,Premium,2022-07-20
CUST02232,Customer 02232,37,Male,Delhi,Regular,2022-12-07
CUST02233,Customer 02233,23,Male,Kolkata,Regular,2024-12-12
CUST02234,Customer 02234,25,Female,Kolkata,Regular,2022-05-19
CUST02235,Customer 02235,46,Female,Pune,Regular,2025-12-26
CUST02236,Customer 02236,50,Female,Hyderabad,Regular,2023-04-10
CUST02237,Customer 02237,20,Male,Kolkata,Premium,2025-05-13
CUST02238,Customer 02238,52,Female,Delhi,Regular,2024-11-25
CUST02239,Customer 02239,22,Male,Delhi,Premium,2022-08-03
CUST02240,Customer 02240,44,Female,Mumbai,Premium,2025-01-15
CUST02241,Customer 02241,29,Male,Chennai,Premium,2023-12-09
CUST02242,Customer 02242,37,Female,Delhi,Regular,2022-06-16
CUST02243,Customer 02243,37,Female,Hyderabad,Regular,2023-01-30
CUST02244,Customer 02244,26,Female,Jaipur,Regular,2025-06-06
CUST02245,Customer 02245,56,Female,Kolkata,Regular,2022-09-11
CUST02246,Customer 02246,21,Male,Bengaluru,New,2023-11-14
CUST02247,Customer 02247,36,Male,Delhi,Regular,2024-06-07
CUST02248,Customer 02248,55,Female,Chennai,Regular,2022-10-04
CUST02249,Customer 02249,44,Male,Hyderabad,Regular,2022-03-31
CUST02250,Customer 02250,60,Male,Delhi,Premium,2022-03-23
CUST02251,Customer 02251,30,Male,Delhi,Premium,2025-07-09
CUST02252,Customer 02252,30,Female,Kolkata,New,2023-03-09
CUST02253,Customer 02253,39,Male,Pune,Regular,2025-06-04
CUST02254,Customer 02254,45,Male,Chennai,Regular,2024-07-10
CUST02255,Customer 02255,39,Male,Kolkata,Regular,2022-06-12
CUST02256,Customer 02256,60,Male,Hyderabad,Regular,2023-11-22
CUST02257,Customer 02257,36,Female,Bengaluru,Regular,2022-03-28
CUST02258,Customer 02258,25,Other,Bengaluru,Regular,2023-11-27
CUST02259,Customer 02259,25,Female,Mumbai,Premium,2024-12-21
CUST02260,Customer 02260,59,Male,Bengaluru,Regular,2023-09-16
CUST02261,Customer 02261,43,Female,Chennai,New,2025-03-31
CUST02262,Customer 02262,43,Female,Hyderabad,Regular,2023-12-26
CUST02263,Customer 02263,40,Male,Kolkata,Regular,2024-10-23
CUST02264,Customer 02264,60,Female,Bengaluru,Regular,2025-07-22
CUST02265,Customer 02265,30,Female,Hyderabad,New,2022-01-14
CUST02266,Customer 02266,45,Female,Hyderabad,Regular,2022-05-31
CUST02267,Customer 02267,26,Female,Hyderabad,Regular,2025-01-13
CUST02268,Customer 02268,37,Male,Pune,Regular,2023-04-12
CUST02269,Customer 02269,36,Male,Mumbai,Regular,2024-03-10
CUST02270,Customer 02270,56,Female,Bengaluru,Regular,2025-06-05
CUST02271,Customer 02271,29,Male,Delhi,Regular,2025-02-15
CUST02272,Customer 02272,32,Male,Bengaluru,New,2025-06-12
CUST02273,Customer 02273,48,Female,Bengaluru,Premium,2025-06-08
CUST02274,Customer 02274,31,Female,Pune,New,2022-06-26
CUST02275,Customer 02275,28,Male,Jaipur,Premium,2025-07-03
CUST02276,Customer 02276,43,Female,Hyderabad,Regular,2022-07-09
CUST02277,Customer 02277,59,Female,Pune,Regular,2023-01-15
CUST02278,Customer 02278,44,Female,Bengaluru,Regular,2024-03-21
CUST02279,Customer 02279,28,Male,Hyderabad,New,2023-09-04
CUST02280,Customer 02280,55,Male,Delhi,Regular,2023-03-30
CUST02281,Customer 02281,51,Male,Mumbai,New,2022-10-04
CUST02282,Customer 02282,60,Male,Mumbai,Regular,2023-07-28
CUST02283,Customer 02283,36,Male,Bengaluru,New,2022-08-07
CUST02284,Customer 02284,23,Male,Delhi,Regular,2025-07-29
CUST02285,Customer 02285,55,Male,Delhi,Regular,2022-10-25
CUST02286,Customer 02286,59,Female,Mumbai,Regular,2023-08-22
CUST02287,Customer 02287,45,Male,Jaipur,New,2025-10-15
CUST02288,Customer 02288,18,Female,Mumbai,New,2025-06-30
CUST02289,Customer 02289,52,Female,Bengaluru,New,2024-06-20
CUST02290,Customer 02290,57,Male,Delhi,Regular,2025-07-08
CUST02291,Customer 02291,25,Female,Hyderabad,Regular,2022-06-07
CUST02292,Customer 02292,24,Female,Mumbai,Regular,2022-01-13
CUST02293,Customer 02293,28,Male,Delhi,Regular,2023-06-16
CUST02294,Customer 02294,56,Female,Bengaluru,Regular,2023-03-13
CUST02295,Customer 02295,21,Male,Delhi,Regular,2023-03-01
CUST02296,Customer 02296,42,Female,Delhi,Regular,2023-08-16
CUST02297,Customer 02297,29,Male,Delhi,Regular,2022-07-15
CUST02298,Customer 02298,43,Female,Delhi,New,2024-01-01
CUST02299,Customer 02299,55,Male,Delhi,Regular,2025-07-13
CUST02300,Customer 02300,29,Female,Mumbai,Regular,2025-11-04
CUST02301,Customer 02301,60,Male,Chennai,Regular,2024-02-27
CUST02302,Customer 02302,54,Female,Hyderabad,Regular,2022-07-21
CUST02303,Customer 02303,41,Female,Bengaluru,Regular,2023-07-28
CUST02304,Customer 02304,33,Male,Mumbai,Regular,2023-12-13
CUST02305,Customer 02305,30,Female,Jaipur,Regular,2024-12-19
CUST02306,Customer 02306,42,Male,Bengaluru,Regular,2025-06-08
CUST02307,Customer 02307,21,Female,Delhi,Regular,2023-12-21
CUST02308,Customer 02308,28,Female,Hyderabad,Regular,2025-06-26
CUST02309,Customer 02309,49,Female,Delhi,Regular,2023-12-23
CUST02310,Customer 02310,85,Female,Mumbai,Premium,2024-06-17
CUST02311,Customer 02311,28,Male,Bengaluru,Regular,2023-03-12
CUST02312,Customer 02312,45,Male,Kolkata,Regular,2022-02-21
CUST02313,Customer 02313,58,Male,Bengaluru,Regular,2025-07-11
CUST02314,Customer 02314,40,Female,Pune,Regular,2023-05-26
CUST02315,Customer 02315,40,Male,Jaipur,New,2024-01-19
CUST02316,Customer 02316,45,Female,Delhi,Premium,2023-08-31
CUST02317,Customer 02317,60,Female,Mumbai,New,2025-08-02
CUST02318,Customer 02318,43,Male,Bengaluru,Regular,2022-01-09
CUST02319,Customer 02319,42,Female,Bengaluru,Regular,2022-04-16
CUST02320,Customer 02320,46,Male,Bengaluru,Premium,2023-02-11
CUST02321,Customer 02321,36,Male,Kolkata,New,2025-04-29
CUST02322,Customer 02322,50,Female,Pune,Regular,2023-03-06
CUST02323,Customer 02323,53,Male,Hyderabad,Regular,2024-08-18
CUST02324,Customer 02324,31,Male,Mumbai,Regular,2024-02-06
CUST02325,Customer 02325,31,Female,Chennai,New,2022-09-06
CUST02326,Customer 02326,52,Male,Jaipur,Regular,2024-11-29
CUST02327,Customer 02327,47,Other,Chennai,Regular,2023-02-09
CUST02328,Customer 02328,45,Other,Delhi,New,2022-07-31
CUST02329,Customer 02329,34,Male,Hyderabad,Regular,2022-08-31
CUST02330,Customer 02330,20,Male,Delhi,Regular,2022-10-28
CUST02331,Customer 02331,33,Female,Mumbai,Regular,2023-02-03
CUST02332,Customer 02332,47,Male,Delhi,Premium,2025-05-26
CUST02333,Customer 02333,46,Male,Hyderabad,Regular,2023-05-14
CUST02334,Customer 02334,32,Female,Pune,Premium,2022-04-09
CUST02335,Customer 02335,42,Male,Delhi,Premium,2024-05-20
CUST02336,Customer 02336,55,Female,Bengaluru,Regular,2023-11-29
CUST02337,Customer 02337,59,Male,Bengaluru,New,2023-08-20
CUST02338,Customer 02338,55,Male,Mumbai,Regular,2022-01-28
CUST02339,Customer 02339,40,Male,Delhi,Regular,2022-12-09
CUST02340,Customer 02340,42,Female,Bengaluru,Regular,2025-09-06
CUST02341,Customer 02341,59,Female,Chennai,Regular,2024-01-27
CUST02342,Customer 02342,24,Female,Delhi,Regular,2024-09-22
CUST02343,Customer 02343,39,Male,Delhi,Regular,2025-12-05
CUST02344,Customer 02344,34,Male,Mumbai,New,2025-09-30
CUST02345,Customer 02345,35,Male,Jaipur,Premium,2022-11-27
CUST02346,Customer 02346,58,Female,Pune,Regular,2022-06-05
CUST02347,Customer 02347,27,Female,Pune,Premium,2024-09-17
CUST02348,Customer 02348,27,Female,Mumbai,New,2023-03-09
CUST02349,Customer 02349,24,Male,Hyderabad,Premium,2025-07-09
CUST02350,Customer 02350,55,Female,Delhi,New,2022-02-06
CUST02351,Customer 02351,44,Male,Hyderabad,Regular,2022-04-07
CUST02352,Customer 02352,50,Female,Kolkata,New,2025-10-23
CUST02353,Customer 02353,18,Male,Hyderabad,Regular,2025-07-23
CUST02354,Customer 02354,51,Female,Kolkata,Premium,2025-07-04
CUST02355,Customer 02355,21,Male,Pune,Regular,2023-05-27
CUST02356,Customer 02356,34,Male,Delhi,Premium,2025-06-11
CUST02357,Customer 02357,21,Female,Kolkata,Regular,2024-12-09
CUST02358,Customer 02358,60,Male,Delhi,Regular,2025-10-16
CUST02359,Customer 02359,43,Male,Hyderabad,Premium,2024-05-19
CUST02360,Customer 02360,21,Female,Delhi,Regular,2025-06-18
CUST02361,Customer 02361,18,Female,Delhi,Regular,2024-06-01
CUST02362,Customer 02362,24,Female,Bengaluru,Premium,2024-02-22
CUST02363,Customer 02363,47,Male,Mumbai,Premium,2023-05-26
CUST02364,Customer 02364,26,Female,Bengaluru,Premium,2024-02-03
CUST02365,Customer 02365,52,Female,Hyderabad,Premium,2022-12-14
CUST02366,Customer 02366,25,Male,Delhi,New,2023-12-09
CUST02367,Customer 02367,41,Female,Delhi,Premium,2023-05-18
CUST02368,Customer 02368,36,Male,Hyderabad,Regular,2022-10-19
CUST02369,Customer 02369,53,Male,Mumbai,Premium,2022-05-20
CUST02370,Customer 02370,60,Male,Pune,Regular,2022-05-10
CUST02371,Customer 02371,44,Male,Pune,Regular,2025-07-17
CUST02372,Customer 02372,49,Female,Kolkata,Regular,2025-04-18
CUST02373,Customer 02373,31,Female,Pune,Regular,2025-12-15
CUST02374,Customer 02374,35,Female,Bengaluru,New,2025-08-15
CUST02375,Customer 02375,45,Female,Pune,Premium,2022-06-11
CUST02376,Customer 02376,46,Male,Mumbai,Regular,2024-03-30
CUST02377,Customer 02377,33,Female,Mumbai,New,2023-06-02
CUST02378,Customer 02378,52,Female,Chennai,Regular,2022-02-02
CUST02379,Customer 02379,85,Male,Bengaluru,Regular,2025-07-11
CUST02380,Customer 02380,21,Female,Chennai,Regular,2024-06-26
CUST02381,Customer 02381,54,Other,Chennai,Regular,2025-10-29
CUST02382,Customer 02382,34,Female,Kolkata,Premium,2025-02-14
CUST02383,Customer 02383,56,Female,Kolkata,Regular,2024-08-01
CUST02384,Customer 02384,85,Male,Bengaluru,Regular,2024-06-19
CUST02385,Customer 02385,56,Male,Mumbai,Regular,2024-07-02
CUST02386,Customer 02386,58,Male,Hyderabad,New,2022-04-06
CUST02387,Customer 02387,21,Female,Mumbai,Regular,2023-03-11
CUST02388,Customer 02388,47,Female,Hyderabad,New,2022-05-07
CUST02389,Customer 02389,47,Other,Pune,Regular,2022-02-25
CUST02390,Customer 02390,39,Male,Pune,Regular,2022-11-13
CUST02391,Customer 02391,28,Male,Mumbai,Premium,2022-08-30
CUST02392,Customer 02392,19,Female,Delhi,Regular,2025-05-06
CUST02393,Customer 02393,29,Female,Bengaluru,Regular,2024-09-18
CUST02394,Customer 02394,47,Male,Delhi,Regular,2023-04-05
CUST02395,Customer 02395,53,Female,Kolkata,Premium,2024-01-09
CUST02396,Customer 02396,35,Female,Mumbai,Regular,2025-07-16
CUST02397,Customer 02397,43,Female,Delhi,Premium,2025-06-08
CUST02398,Customer 02398,24,Female,Delhi,Regular,2024-01-12
CUST02399,Customer 02399,18,Male,Hyderabad,Regular,2022-06-16
CUST02400,Customer 02400,43,Other,Hyderabad,New,2023-10-01
CUST02401,Customer 02401,40,Female,Mumbai,Regular,2025-10-16
CUST02402,Customer 02402,43,Male,Delhi,Regular,2023-08-15
CUST02403,Customer 02403,23,Male,Bengaluru,Regular,2024-03-09
CUST02404,Customer 02404,23,Female,Mumbai,Premium,2022-01-18
CUST02405,Customer 02405,25,Male,Pune,Premium,2023-02-27
CUST02406,Customer 02406,41,Male,Hyderabad,New,2024-03-19
CUST02407,Customer 02407,39,Female,Mumbai,New,2023-05-04
CUST02408,Customer 02408,36,Male,Delhi,Regular,2025-05-04
CUST02409,Customer 02409,54,Female,Jaipur,Regular,2025-08-29
CUST02410,Customer 02410,35,Male,Bengaluru,Regular,2022-01-11
CUST02411,Customer 02411,48,Female,Pune,Premium,2023-02-17
CUST02412,Customer 02412,54,Male,Delhi,Premium,2024-02-24
CUST02413,Customer 02413,47,Male,Bengaluru,Regular,2022-07-25
CUST02414,Customer 02414,59,Male,Delhi,Premium,2024-12-27
CUST02415,Customer 02415,50,Female,Bengaluru,Regular,2025-10-21
CUST02416,Customer 02416,27,Female,Jaipur,Regular,2025-05-25
CUST02417,Customer 02417,54,Male,Bengaluru,Regular,2024-04-04
CUST02418,Customer 02418,29,Female,Delhi,Regular,2025-12-01
CUST02419,Customer 02419,47,Female,Delhi,Regular,2025-11-16
CUST02420,Customer 02420,44,Other,Bengaluru,Regular,2022-12-20
CUST02421,Customer 02421,56,Male,Delhi,Regular,2023-09-29
CUST02422,Customer 02422,26,Female,Delhi,Regular,2022-08-31
CUST02423,Customer 02423,38,Male,Chennai,Premium,2024-07-18
CUST02424,Customer 02424,29,Male,Bengaluru,Regular,2024-02-07
CUST02425,Customer 02425,46,Female,Mumbai,Regular,2024-08-10
CUST02426,Customer 02426,50,Female,Kolkata,Regular,2022-03-24
CUST02427,Customer 02427,60,Male,Delhi,Regular,2025-07-03
CUST02428,Customer 02428,32,Male,Jaipur,Regular,2024-10-14
CUST02429,Customer 02429,19,Female,Mumbai,Premium,2022-03-29
CUST02430,Customer 02430,56,Female,Kolkata,Regular,2022-04-19
CUST02431,Customer 02431,35,Male,Hyderabad,Premium,2024-03-28
CUST02432,Customer 02432,20,Female,Chennai,Regular,2024-05-09
CUST02433,Customer 02433,24,Male,Jaipur,New,2025-01-19
CUST02434,Customer 02434,60,Male,Mumbai,Premium,2023-05-25
CUST02435,Customer 02435,35,Female,Jaipur,Premium,2023-01-17
CUST02436,Customer 02436,55,Male,Bengaluru,Premium,2025-05-13
CUST02437,Customer 02437,54,Male,Bengaluru,Regular,2025-05-06
CUST02438,Customer 02438,50,Female,Mumbai,Premium,2024-09-03
CUST02439,Customer 02439,48,Female,Hyderabad,Premium,2024-04-06
CUST02440,Customer 02440,28,Male,Delhi,Premium,2025-09-27
CUST02441,Customer 02441,21,Female,Hyderabad,Regular,2025-06-27
CUST02442,Customer 02442,35,Female,Hyderabad,Regular,2024-04-16
CUST02443,Customer 02443,21,Male,Chennai,Premium,2023-03-03
CUST02444,Customer 02444,51,Female,Chennai,Regular,2024-01-07
CUST02445,Customer 02445,46,Male,Bengaluru,Regular,2025-04-18
CUST02446,Customer 02446,41,Male,Mumbai,Regular,2023-12-30
CUST02447,Customer 02447,39,Female,Mumbai,Regular,2024-08-14
CUST02448,Customer 02448,19,Female,Delhi,Regular,2024-01-11
CUST02449,Customer 02449,23,Male,Delhi,New,2023-03-23
CUST02450,Customer 02450,12,Male,Mumbai,Premium,2022-12-31
CUST02451,Customer 02451,42,Female,Mumbai,Regular,2022-01-31
CUST02452,Customer 02452,38,Male,Jaipur,Regular,2022-06-25
CUST02453,Customer 02453,33,Male,Hyderabad,New,2022-10-03
CUST02454,Customer 02454,48,Male,Mumbai,New,2024-10-21
CUST02455,Customer 02455,31,Female,Hyderabad,Regular,2024-12-10
CUST02456,Customer 02456,56,Male,Delhi,Regular,2022-07-04
CUST02457,Customer 02457,45,Male,Bengaluru,New,2024-11-06
CUST02458,Customer 02458,49,Female,Hyderabad,Premium,2022-06-17
CUST02459,Customer 02459,45,Female,Bengaluru,Regular,2023-12-04
CUST02460,Customer 02460,26,Female,Bengaluru,Regular,2024-09-25
CUST02461,Customer 02461,39,Male,Jaipur,New,2022-01-26
CUST02462,Customer 02462,49,Female,Kolkata,New,2023-07-23
CUST02463,Customer 02463,22,Male,Hyderabad,Regular,2025-09-13
CUST02464,Customer 02464,40,Male,Hyderabad,Premium,2022-12-16
CUST02465,Customer 02465,22,Female,Hyderabad,Regular,2024-09-30
CUST02466,Customer 02466,59,Male,Delhi,New,2022-08-28
CUST02467,Customer 02467,49,Male,Bengaluru,Regular,2025-05-10
CUST02468,Customer 02468,27,Male,Delhi,Regular,2025-11-03
CUST02469,Customer 02469,56,Male,Bengaluru,Premium,2022-09-25
CUST02470,Customer 02470,32,Male,Hyderabad,Regular,2023-06-05
CUST02471,Customer 02471,24,Other,Mumbai,Regular,2024-12-17
CUST02472,Customer 02472,46,Male,Jaipur,Regular,2023-04-01
CUST02473,Customer 02473,20,Male,Kolkata,Regular,2024-02-02
CUST02474,Customer 02474,36,Male,Pune,Regular,2022-04-26
CUST02475,Customer 02475,27,Female,Hyderabad,New,2023-07-01
CUST02476,Customer 02476,45,Female,Kolkata,Regular,2024-01-25
CUST02477,Customer 02477,46,Male,Delhi,Regular,2023-11-06
CUST02478,Customer 02478,32,Female,Chennai,Regular,2023-06-21
CUST02479,Customer 02479,52,Male,Delhi,New,2025-04-17
CUST02480,Customer 02480,23,Male,Chennai,Premium,2022-04-15
CUST02481,Customer 02481,29,Male,Mumbai,New,2024-10-17
CUST02482,Customer 02482,55,Male,Kolkata,Premium,2022-04-26
CUST02483,Customer 02483,30,Male,Jaipur,Regular,2024-10-06
CUST02484,Customer 02484,46,Female,Delhi,Premium,2023-03-26
CUST02485,Customer 02485,36,Male,Bengaluru,Regular,2023-03-22
CUST02486,Customer 02486,20,Female,Jaipur,Regular,2024-02-19
CUST02487,Customer 02487,25,Male,Bengaluru,Regular,2022-07-06
CUST02488,Customer 02488,25,Male,Kolkata,New,2024-10-31
CUST02489,Customer 02489,37,Male,Hyderabad,Regular,2023-04-01
CUST02490,Customer 02490,21,Female,Mumbai,New,2023-04-29
CUST02491,Customer 02491,38,Male,Mumbai,Premium,2023-05-03
CUST02492,Customer 02492,20,Female,Delhi,New,2022-01-16
CUST02493,Customer 02493,25,Male,Chennai,Regular,2024-06-19
CUST02494,Customer 02494,40,Male,Bengaluru,Regular,2022-02-06
CUST02495,Customer 02495,33,Male,Bengaluru,Regular,2024-09-17
CUST02496,Customer 02496,30,Male,Bengaluru,Regular,2023-09-14
CUST02497,Customer 02497,20,Male,Hyderabad,New,2022-08-04
CUST02498,Customer 02498,26,Male,Kolkata,Regular,2023-12-18
CUST02499,Customer 02499,31,Female,Jaipur,Regular,2024-02-04
CUST02500,Customer 02500,30,Male,Bengaluru,Premium,2025-10-10
